RoundNumber,Country,Location,OfficialEventName,EventDate,EventName,EventFormat,Session1,Session1Date,Session1DateUtc,Session2,Session2Date,Session2DateUtc,Session3,Session3Date,Session3DateUtc,Session4,Session4Date,Session4DateUtc,Session5,Session5Date,Session5DateUtc,F1ApiSupport,Season
1,Australia,Melbourne,FORMULA 1 2018 ROLEX AUSTRALIAN GRAND PRIX,2018-03-25,Australian Grand Prix,conventional,Practice 1,2018-03-23 12:00:00+11:00,2018-03-23 01:00:00,Practice 2,2018-03-23 16:00:00+11:00,2018-03-23 05:00:00,Practice 3,2018-03-24 14:00:00+11:00,2018-03-24 03:00:00,Qualifying,2018-03-24 17:00:00+11:00,2018-03-24 06:00:00,Race,2018-03-25 16:10:00+11:00,2018-03-25 05:10:00,True,2018
2,Bahrain,Sakhir,FORMULA 1 2018 GULF AIR BAHRAIN GRAND PRIX,2018-04-08,Bahrain Grand Prix,conventional,Practice 1,2018-04-06 14:00:00+03:00,2018-04-06 11:00:00,Practice 2,2018-04-06 18:00:00+03:00,2018-04-06 15:00:00,Practice 3,2018-04-07 15:00:00+03:00,2018-04-07 12:00:00,Qualifying,2018-04-07 18:00:00+03:00,2018-04-07 15:00:00,Race,2018-04-08 18:10:00+03:00,2018-04-08 15:10:00,True,2018
3,China,Shanghai,FORMULA 1 2018 HEINEKEN CHINESE GRAND PRIX,2018-04-15,Chinese Grand Prix,conventional,Practice 1,2018-04-13 10:00:00+08:00,2018-04-13 02:00:00,Practice 2,2018-04-13 14:00:00+08:00,2018-04-13 06:00:00,Practice 3,2018-04-14 11:00:00+08:00,2018-04-14 03:00:00,Qualifying,2018-04-14 14:00:00+08:00,2018-04-14 06:00:00,Race,2018-04-15 14:10:00+08:00,2018-04-15 06:10:00,True,2018
4,Azerbaijan,Baku,FORMULA 1 2018 AZERBAIJAN GRAND PRIX,2018-04-29,Azerbaijan Grand Prix,conventional,Practice 1,2018-04-27 13:00:00+04:00,2018-04-27 09:00:00,Practice 2,2018-04-27 17:00:00+04:00,2018-04-27 13:00:00,Practice 3,2018-04-28 14:00:00+04:00,2018-04-28 10:00:00,Qualifying,2018-04-28 17:00:00+04:00,2018-04-28 13:00:00,Race,2018-04-29 16:10:00+04:00,2018-04-29 12:10:00,True,2018
5,Spain,Barcelona,FORMULA 1 GRAN PREMIO DE ESPAÑA EMIRATES 2018,2018-05-13,Spanish Grand Prix,conventional,Practice 1,2018-05-11 11:00:00+02:00,2018-05-11 09:00:00,Practice 2,2018-05-11 15:00:00+02:00,2018-05-11 13:00:00,Practice 3,2018-05-12 12:00:00+02:00,2018-05-12 10:00:00,Qualifying,2018-05-12 15:00:00+02:00,2018-05-12 13:00:00,Race,2018-05-13 15:10:00+02:00,2018-05-13 13:10:00,True,2018
6,Monaco,Monte Carlo,FORMULA 1 GRAND PRIX DE MONACO 2018,2018-05-27,Monaco Grand Prix,conventional,Practice 1,2018-05-24 11:00:00+02:00,2018-05-24 09:00:00,Practice 2,2018-05-24 15:00:00+02:00,2018-05-24 13:00:00,Practice 3,2018-05-26 12:00:00+02:00,2018-05-26 10:00:00,Qualifying,2018-05-26 15:00:00+02:00,2018-05-26 13:00:00,Race,2018-05-27 15:10:00+02:00,2018-05-27 13:10:00,True,2018
7,Canada,Montréal,FORMULA 1 GRAND PRIX HEINEKEN DU CANADA 2018,2018-06-10,Canadian Grand Prix,conventional,Practice 1,2018-06-08 10:00:00-04:00,2018-06-08 14:00:00,Practice 2,2018-06-08 14:00:00-04:00,2018-06-08 18:00:00,Practice 3,2018-06-09 11:00:00-04:00,2018-06-09 15:00:00,Qualifying,2018-06-09 14:00:00-04:00,2018-06-09 18:00:00,Race,2018-06-10 14:10:00-04:00,2018-06-10 18:10:00,True,2018
8,France,Le Castellet,FORMULA 1 PIRELLI GRAND PRIX DE FRANCE 2018,2018-06-24,French Grand Prix,conventional,Practice 1,2018-06-22 12:00:00+02:00,2018-06-22 10:00:00,Practice 2,2018-06-22 16:00:00+02:00,2018-06-22 14:00:00,Practice 3,2018-06-23 13:00:00+02:00,2018-06-23 11:00:00,Qualifying,2018-06-23 16:00:00+02:00,2018-06-23 14:00:00,Race,2018-06-24 16:10:00+02:00,2018-06-24 14:10:00,True,2018
9,Austria,Spielberg,FORMULA 1 EYETIME GROSSER PREIS VON ÖSTERREICH 2018,2018-07-01,Austrian Grand Prix,conventional,Practice 1,2018-06-29 11:00:00+02:00,2018-06-29 09:00:00,Practice 2,2018-06-29 15:00:00+02:00,2018-06-29 13:00:00,Practice 3,2018-06-30 12:00:00+02:00,2018-06-30 10:00:00,Qualifying,2018-06-30 15:00:00+02:00,2018-06-30 13:00:00,Race,2018-07-01 15:10:00+02:00,2018-07-01 13:10:00,True,2018
10,Great Britain,Silverstone,FORMULA 1 2018 ROLEX BRITISH GRAND PRIX,2018-07-08,British Grand Prix,conventional,Practice 1,2018-07-06 10:00:00+01:00,2018-07-06 09:00:00,Practice 2,2018-07-06 14:00:00+01:00,2018-07-06 13:00:00,Practice 3,2018-07-07 11:00:00+01:00,2018-07-07 10:00:00,Qualifying,2018-07-07 14:00:00+01:00,2018-07-07 13:00:00,Race,2018-07-08 14:10:00+01:00,2018-07-08 13:10:00,True,2018
11,Germany,Hockenheim,FORMULA 1 EMIRATES GROSSER PREIS VON DEUTSCHLAND 2018,2018-07-22,German Grand Prix,conventional,Practice 1,2018-07-20 11:00:00+02:00,2018-07-20 09:00:00,Practice 2,2018-07-20 15:00:00+02:00,2018-07-20 13:00:00,Practice 3,2018-07-21 12:00:00+02:00,2018-07-21 10:00:00,Qualifying,2018-07-21 15:00:00+02:00,2018-07-21 13:00:00,Race,2018-07-22 15:10:00+02:00,2018-07-22 13:10:00,True,2018
12,Hungary,Budapest,FORMULA 1 ROLEX MAGYAR NAGYDÍJ 2018,2018-07-29,Hungarian Grand Prix,conventional,Practice 1,2018-07-27 11:00:00+02:00,2018-07-27 09:00:00,Practice 2,2018-07-27 15:00:00+02:00,2018-07-27 13:00:00,Practice 3,2018-07-28 12:00:00+02:00,2018-07-28 10:00:00,Qualifying,2018-07-28 15:00:00+02:00,2018-07-28 13:00:00,Race,2018-07-29 15:10:00+02:00,2018-07-29 13:10:00,True,2018
13,Belgium,Spa-Francorchamps,FORMULA 1 2018 JOHNNIE WALKER BELGIAN GRAND PRIX,2018-08-26,Belgian Grand Prix,conventional,Practice 1,2018-08-24 11:00:00+02:00,2018-08-24 09:00:00,Practice 2,2018-08-24 15:00:00+02:00,2018-08-24 13:00:00,Practice 3,2018-08-25 12:00:00+02:00,2018-08-25 10:00:00,Qualifying,2018-08-25 15:00:00+02:00,2018-08-25 13:00:00,Race,2018-08-26 15:10:00+02:00,2018-08-26 13:10:00,True,2018
14,Italy,Monza,FORMULA 1 GRAN PREMIO HEINEKEN D'ITALIA 2018,2018-09-02,Italian Grand Prix,conventional,Practice 1,2018-08-31 11:00:00+02:00,2018-08-31 09:00:00,Practice 2,2018-08-31 15:00:00+02:00,2018-08-31 13:00:00,Practice 3,2018-09-01 12:00:00+02:00,2018-09-01 10:00:00,Qualifying,2018-09-01 15:00:00+02:00,2018-09-01 13:00:00,Race,2018-09-02 15:10:00+02:00,2018-09-02 13:10:00,True,2018
15,Singapore,Singapore,FORMULA 1 2018 SINGAPORE AIRLINES SINGAPORE GRAND PRIX,2018-09-16,Singapore Grand Prix,conventional,Practice 1,2018-09-14 16:30:00+08:00,2018-09-14 08:30:00,Practice 2,2018-09-14 20:30:00+08:00,2018-09-14 12:30:00,Practice 3,2018-09-15 18:00:00+08:00,2018-09-15 10:00:00,Qualifying,2018-09-15 21:00:00+08:00,2018-09-15 13:00:00,Race,2018-09-16 20:10:00+08:00,2018-09-16 12:10:00,True,2018
16,Russia,Sochi,FORMULA 1 2018 VTB RUSSIAN GRAND PRIX,2018-09-30,Russian Grand Prix,conventional,Practice 1,2018-09-28 11:00:00+03:00,2018-09-28 08:00:00,Practice 2,2018-09-28 15:00:00+03:00,2018-09-28 12:00:00,Practice 3,2018-09-29 12:00:00+03:00,2018-09-29 09:00:00,Qualifying,2018-09-29 15:00:00+03:00,2018-09-29 12:00:00,Race,2018-09-30 14:10:00+03:00,2018-09-30 11:10:00,True,2018
17,Japan,Suzuka,FORMULA 1 2018 HONDA JAPANESE GRAND PRIX,2018-10-07,Japanese Grand Prix,conventional,Practice 1,2018-10-05 10:00:00+09:00,2018-10-05 01:00:00,Practice 2,2018-10-05 14:00:00+09:00,2018-10-05 05:00:00,Practice 3,2018-10-06 12:00:00+09:00,2018-10-06 03:00:00,Qualifying,2018-10-06 15:00:00+09:00,2018-10-06 06:00:00,Race,2018-10-07 14:10:00+09:00,2018-10-07 05:10:00,True,2018
18,United States,Austin,FORMULA 1 PIRELLI 2018 UNITED STATES GRAND PRIX,2018-10-21,United States Grand Prix,conventional,Practice 1,2018-10-19 10:00:00-05:00,2018-10-19 15:00:00,Practice 2,2018-10-19 14:00:00-05:00,2018-10-19 19:00:00,Practice 3,2018-10-20 13:00:00-05:00,2018-10-20 18:00:00,Qualifying,2018-10-20 16:00:00-05:00,2018-10-20 21:00:00,Race,2018-10-21 13:10:00-05:00,2018-10-21 18:10:00,True,2018
19,Mexico,Mexico City,FORMULA 1 GRAN PREMIO DE MÉXICO 2018,2018-10-28,Mexican Grand Prix,conventional,Practice 1,2018-10-26 10:00:00-06:00,2018-10-26 16:00:00,Practice 2,2018-10-26 14:00:00-06:00,2018-10-26 20:00:00,Practice 3,2018-10-27 10:00:00-06:00,2018-10-27 16:00:00,Qualifying,2018-10-27 13:00:00-06:00,2018-10-27 19:00:00,Race,2018-10-28 13:10:00-06:00,2018-10-28 19:10:00,True,2018
20,Brazil,São Paulo,FORMULA 1 GRANDE PRÊMIO HEINEKEN DO BRASIL 2018,2018-11-11,Brazilian Grand Prix,conventional,Practice 1,2018-11-09 11:00:00-02:00,2018-11-09 13:00:00,Practice 2,2018-11-09 15:00:00-02:00,2018-11-09 17:00:00,Practice 3,2018-11-10 12:00:00-02:00,2018-11-10 14:00:00,Qualifying,2018-11-10 15:00:00-02:00,2018-11-10 17:00:00,Race,2018-11-11 15:10:00-02:00,2018-11-11 17:10:00,True,2018
21,United Arab Emirates,Yas Marina,FORMULA 1 2018 ETIHAD AIRWAYS ABU DHABI GRAND PRIX,2018-11-25,Abu Dhabi Grand Prix,conventional,Practice 1,2018-11-23 13:00:00+04:00,2018-11-23 09:00:00,Practice 2,2018-11-23 17:00:00+04:00,2018-11-23 13:00:00,Practice 3,2018-11-24 14:00:00+04:00,2018-11-24 10:00:00,Qualifying,2018-11-24 17:00:00+04:00,2018-11-24 13:00:00,Race,2018-11-25 17:10:00+04:00,2018-11-25 13:10:00,True,2018
1,Australia,Melbourne,FORMULA 1 ROLEX AUSTRALIAN GRAND PRIX 2019,2019-03-17,Australian Grand Prix,conventional,Practice 1,2019-03-15 12:00:00+11:00,2019-03-15 01:00:00,Practice 2,2019-03-15 16:00:00+11:00,2019-03-15 05:00:00,Practice 3,2019-03-16 14:00:00+11:00,2019-03-16 03:00:00,Qualifying,2019-03-16 17:00:00+11:00,2019-03-16 06:00:00,Race,2019-03-17 16:10:00+11:00,2019-03-17 05:10:00,True,2019
2,Bahrain,Sakhir,FORMULA 1 GULF AIR BAHRAIN GRAND PRIX 2019,2019-03-31,Bahrain Grand Prix,conventional,Practice 1,2019-03-29 14:00:00+03:00,2019-03-29 11:00:00,Practice 2,2019-03-29 18:00:00+03:00,2019-03-29 15:00:00,Practice 3,2019-03-30 15:00:00+03:00,2019-03-30 12:00:00,Qualifying,2019-03-30 18:00:00+03:00,2019-03-30 15:00:00,Race,2019-03-31 18:10:00+03:00,2019-03-31 15:10:00,True,2019
3,China,Shanghai,FORMULA 1 HEINEKEN CHINESE GRAND PRIX 2019,2019-04-14,Chinese Grand Prix,conventional,Practice 1,2019-04-12 10:00:00+08:00,2019-04-12 02:00:00,Practice 2,2019-04-12 14:00:00+08:00,2019-04-12 06:00:00,Practice 3,2019-04-13 11:00:00+08:00,2019-04-13 03:00:00,Qualifying,2019-04-13 14:00:00+08:00,2019-04-13 06:00:00,Race,2019-04-14 14:10:00+08:00,2019-04-14 06:10:00,True,2019
4,Azerbaijan,Baku,FORMULA 1 SOCAR AZERBAIJAN GRAND PRIX 2019,2019-04-28,Azerbaijan Grand Prix,conventional,Practice 1,2019-04-26 13:00:00+04:00,2019-04-26 09:00:00,Practice 2,2019-04-26 17:00:00+04:00,2019-04-26 13:00:00,Practice 3,2019-04-27 14:00:00+04:00,2019-04-27 10:00:00,Qualifying,2019-04-27 17:00:00+04:00,2019-04-27 13:00:00,Race,2019-04-28 16:10:00+04:00,2019-04-28 12:10:00,True,2019
5,Spain,Barcelona,FORMULA 1 EMIRATES GRAN PREMIO DE ESPAÑA 2019,2019-05-12,Spanish Grand Prix,conventional,Practice 1,2019-05-10 11:00:00+02:00,2019-05-10 09:00:00,Practice 2,2019-05-10 15:00:00+02:00,2019-05-10 13:00:00,Practice 3,2019-05-11 12:00:00+02:00,2019-05-11 10:00:00,Qualifying,2019-05-11 15:00:00+02:00,2019-05-11 13:00:00,Race,2019-05-12 15:10:00+02:00,2019-05-12 13:10:00,True,2019
6,Monaco,Monte Carlo,FORMULA 1 GRAND PRIX DE MONACO 2019,2019-05-26,Monaco Grand Prix,conventional,Practice 1,2019-05-23 11:00:00+02:00,2019-05-23 09:00:00,Practice 2,2019-05-23 15:00:00+02:00,2019-05-23 13:00:00,Practice 3,2019-05-25 12:00:00+02:00,2019-05-25 10:00:00,Qualifying,2019-05-25 15:00:00+02:00,2019-05-25 13:00:00,Race,2019-05-26 15:10:00+02:00,2019-05-26 13:10:00,True,2019
7,Canada,Montréal,FORMULA 1 PIRELLI GRAND PRIX DU CANADA 2019,2019-06-09,Canadian Grand Prix,conventional,Practice 1,2019-06-07 10:00:00-04:00,2019-06-07 14:00:00,Practice 2,2019-06-07 14:00:00-04:00,2019-06-07 18:00:00,Practice 3,2019-06-08 11:00:00-04:00,2019-06-08 15:00:00,Qualifying,2019-06-08 14:00:00-04:00,2019-06-08 18:00:00,Race,2019-06-09 14:10:00-04:00,2019-06-09 18:10:00,True,2019
8,France,Le Castellet,FORMULA 1 PIRELLI GRAND PRIX DE FRANCE 2019,2019-06-23,French Grand Prix,conventional,Practice 1,2019-06-21 11:00:00+02:00,2019-06-21 09:00:00,Practice 2,2019-06-21 15:00:00+02:00,2019-06-21 13:00:00,Practice 3,2019-06-22 12:00:00+02:00,2019-06-22 10:00:00,Qualifying,2019-06-22 15:00:00+02:00,2019-06-22 13:00:00,Race,2019-06-23 15:10:00+02:00,2019-06-23 13:10:00,True,2019
9,Austria,Spielberg,FORMULA 1 MYWORLD GROSSER PREIS VON ÖSTERREICH 2019,2019-06-30,Austrian Grand Prix,conventional,Practice 1,2019-06-28 11:00:00+02:00,2019-06-28 09:00:00,Practice 2,2019-06-28 15:00:00+02:00,2019-06-28 13:00:00,Practice 3,2019-06-29 12:00:00+02:00,2019-06-29 10:00:00,Qualifying,2019-06-29 15:00:00+02:00,2019-06-29 13:00:00,Race,2019-06-30 15:10:00+02:00,2019-06-30 13:10:00,True,2019
10,Great Britain,Silverstone,FORMULA 1 ROLEX BRITISH GRAND PRIX 2019,2019-07-14,British Grand Prix,conventional,Practice 1,2019-07-12 10:00:00+01:00,2019-07-12 09:00:00,Practice 2,2019-07-12 14:00:00+01:00,2019-07-12 13:00:00,Practice 3,2019-07-13 11:00:00+01:00,2019-07-13 10:00:00,Qualifying,2019-07-13 14:00:00+01:00,2019-07-13 13:00:00,Race,2019-07-14 14:10:00+01:00,2019-07-14 13:10:00,True,2019
11,Germany,Hockenheim,FORMULA 1 MERCEDES-BENZ GROSSER PREIS VON DEUTSCHLAND 2019,2019-07-28,German Grand Prix,conventional,Practice 1,2019-07-26 11:00:00+02:00,2019-07-26 09:00:00,Practice 2,2019-07-26 15:00:00+02:00,2019-07-26 13:00:00,Practice 3,2019-07-27 12:00:00+02:00,2019-07-27 10:00:00,Qualifying,2019-07-27 15:00:00+02:00,2019-07-27 13:00:00,Race,2019-07-28 15:10:00+02:00,2019-07-28 13:10:00,True,2019
12,Hungary,Budapest,FORMULA 1 ROLEX MAGYAR NAGYDÍJ 2019,2019-08-04,Hungarian Grand Prix,conventional,Practice 1,2019-08-02 11:00:00+02:00,2019-08-02 09:00:00,Practice 2,2019-08-02 15:00:00+02:00,2019-08-02 13:00:00,Practice 3,2019-08-03 12:00:00+02:00,2019-08-03 10:00:00,Qualifying,2019-08-03 15:00:00+02:00,2019-08-03 13:00:00,Race,2019-08-04 15:10:00+02:00,2019-08-04 13:10:00,True,2019
13,Belgium,Spa-Francorchamps,FORMULA 1 JOHNNIE WALKER BELGIAN GRAND PRIX 2019,2019-09-01,Belgian Grand Prix,conventional,Practice 1,2019-08-30 11:00:00+02:00,2019-08-30 09:00:00,Practice 2,2019-08-30 15:00:00+02:00,2019-08-30 13:00:00,Practice 3,2019-08-31 12:00:00+02:00,2019-08-31 10:00:00,Qualifying,2019-08-31 15:00:00+02:00,2019-08-31 13:00:00,Race,2019-09-01 15:10:00+02:00,2019-09-01 13:10:00,True,2019
14,Italy,Monza,FORMULA 1 GRAN PREMIO HEINEKEN D'ITALIA 2019,2019-09-08,Italian Grand Prix,conventional,Practice 1,2019-09-06 11:00:00+02:00,2019-09-06 09:00:00,Practice 2,2019-09-06 15:00:00+02:00,2019-09-06 13:00:00,Practice 3,2019-09-07 12:00:00+02:00,2019-09-07 10:00:00,Qualifying,2019-09-07 15:00:00+02:00,2019-09-07 13:00:00,Race,2019-09-08 15:10:00+02:00,2019-09-08 13:10:00,True,2019
15,Singapore,Singapore,FORMULA 1 SINGAPORE AIRLINES SINGAPORE GRAND PRIX 2019,2019-09-22,Singapore Grand Prix,conventional,Practice 1,2019-09-20 16:30:00+08:00,2019-09-20 08:30:00,Practice 2,2019-09-20 20:30:00+08:00,2019-09-20 12:30:00,Practice 3,2019-09-21 18:00:00+08:00,2019-09-21 10:00:00,Qualifying,2019-09-21 21:00:00+08:00,2019-09-21 13:00:00,Race,2019-09-22 20:10:00+08:00,2019-09-22 12:10:00,True,2019
16,Russia,Sochi,FORMULA 1 VTB RUSSIAN GRAND PRIX 2019,2019-09-29,Russian Grand Prix,conventional,Practice 1,2019-09-27 11:00:00+03:00,2019-09-27 08:00:00,Practice 2,2019-09-27 15:00:00+03:00,2019-09-27 12:00:00,Practice 3,2019-09-28 12:00:00+03:00,2019-09-28 09:00:00,Qualifying,2019-09-28 15:00:00+03:00,2019-09-28 12:00:00,Race,2019-09-29 14:10:00+03:00,2019-09-29 11:10:00,True,2019
17,Japan,Suzuka,FORMULA 1 JAPANESE GRAND PRIX 2019,2019-10-13,Japanese Grand Prix,conventional,Practice 1,2019-10-11 10:00:00+09:00,2019-10-11 01:00:00,Practice 2,2019-10-11 14:00:00+09:00,2019-10-11 05:00:00,Practice 3,2019-10-12 12:00:00+09:00,2019-10-12 03:00:00,Qualifying,2019-10-13 10:00:00+09:00,2019-10-13 01:00:00,Race,2019-10-13 14:10:00+09:00,2019-10-13 05:10:00,True,2019
18,Mexico,Mexico City,FORMULA 1 GRAN PREMIO DE MÉXICO 2019,2019-10-27,Mexican Grand Prix,conventional,Practice 1,2019-10-25 10:00:00-06:00,2019-10-25 16:00:00,Practice 2,2019-10-25 14:00:00-06:00,2019-10-25 20:00:00,Practice 3,2019-10-26 10:00:00-06:00,2019-10-26 16:00:00,Qualifying,2019-10-26 13:00:00-06:00,2019-10-26 19:00:00,Race,2019-10-27 13:10:00-06:00,2019-10-27 19:10:00,True,2019
19,United States,Austin,FORMULA 1 EMIRATES UNITED STATES GRAND PRIX 2019,2019-11-03,United States Grand Prix,conventional,Practice 1,2019-11-01 11:00:00-06:00,2019-11-01 17:00:00,Practice 2,2019-11-01 15:00:00-06:00,2019-11-01 21:00:00,Practice 3,2019-11-02 13:00:00-06:00,2019-11-02 19:00:00,Qualifying,2019-11-02 16:00:00-06:00,2019-11-02 22:00:00,Race,2019-11-03 13:10:00-06:00,2019-11-03 19:10:00,True,2019
20,Brazil,São Paulo,FORMULA 1 HEINEKEN GRANDE PRÊMIO DO BRASIL 2019,2019-11-17,Brazilian Grand Prix,conventional,Practice 1,2019-11-15 11:00:00-03:00,2019-11-15 14:00:00,Practice 2,2019-11-15 15:00:00-03:00,2019-11-15 18:00:00,Practice 3,2019-11-16 12:00:00-03:00,2019-11-16 15:00:00,Qualifying,2019-11-16 15:00:00-03:00,2019-11-16 18:00:00,Race,2019-11-17 14:10:00-03:00,2019-11-17 17:10:00,True,2019
21,Abu Dhabi,Yas Island,FORMULA 1 ETIHAD AIRWAYS ABU DHABI GRAND PRIX 2019,2019-12-01,Abu Dhabi Grand Prix,conventional,Practice 1,2019-11-29 13:00:00+04:00,2019-11-29 09:00:00,Practice 2,2019-11-29 17:00:00+04:00,2019-11-29 13:00:00,Practice 3,2019-11-30 14:00:00+04:00,2019-11-30 10:00:00,Qualifying,2019-11-30 17:00:00+04:00,2019-11-30 13:00:00,Race,2019-12-01 17:10:00+04:00,2019-12-01 13:10:00,True,2019
0,Spain,Barcelona,FORMULA 1 PRE-SEASON TESTING 2020,2020-02-21,Pre-Season Test 1,testing,Practice 1,2020-02-19 09:00:00+01:00,2020-02-19 08:00:00,Practice 2,2020-02-20 09:00:00+01:00,2020-02-20 08:00:00,Practice 3,2020-02-21 09:00:00+01:00,2020-02-21 08:00:00,None,,,None,,,False,2020
0,Spain,Barcelona,FORMULA 1 PRE-SEASON TESTING 2020,2020-02-28,Pre-Season Test 2,testing,Practice 1,2020-02-26 09:00:00+01:00,2020-02-26 08:00:00,Practice 2,2020-02-27 09:00:00+01:00,2020-02-27 08:00:00,Practice 3,2020-02-28 09:00:00+01:00,2020-02-28 08:00:00,None,,,None,,,False,2020
1,Austria,Spielberg,FORMULA 1 ROLEX GROSSER PREIS VON ÖSTERREICH 2020,2020-07-05,Austrian Grand Prix,conventional,Practice 1,2020-07-03 11:00:00+02:00,2020-07-03 09:00:00,Practice 2,2020-07-03 15:00:00+02:00,2020-07-03 13:00:00,Practice 3,2020-07-04 12:00:00+02:00,2020-07-04 10:00:00,Qualifying,2020-07-04 15:00:00+02:00,2020-07-04 13:00:00,Race,2020-07-05 15:10:00+02:00,2020-07-05 13:10:00,True,2020
2,Austria,Spielberg,FORMULA 1 PIRELLI GROSSER PREIS DER STEIERMARK 2020,2020-07-12,Styrian Grand Prix,conventional,Practice 1,2020-07-10 11:00:00+02:00,2020-07-10 09:00:00,Practice 2,2020-07-10 15:00:00+02:00,2020-07-10 13:00:00,Practice 3,2020-07-11 12:00:00+02:00,2020-07-11 10:00:00,Qualifying,2020-07-11 15:00:00+02:00,2020-07-11 13:00:00,Race,2020-07-12 15:10:00+02:00,2020-07-12 13:10:00,True,2020
3,Hungary,Budapest,FORMULA 1 ARAMCO MAGYAR NAGYDÍJ 2020,2020-07-19,Hungarian Grand Prix,conventional,Practice 1,2020-07-17 11:00:00+02:00,2020-07-17 09:00:00,Practice 2,2020-07-17 15:00:00+02:00,2020-07-17 13:00:00,Practice 3,2020-07-18 12:00:00+02:00,2020-07-18 10:00:00,Qualifying,2020-07-18 15:00:00+02:00,2020-07-18 13:00:00,Race,2020-07-19 15:10:00+02:00,2020-07-19 13:10:00,True,2020
4,Great Britain,Silverstone,FORMULA 1 PIRELLI BRITISH GRAND PRIX 2020,2020-08-02,British Grand Prix,conventional,Practice 1,2020-07-31 11:00:00+01:00,2020-07-31 10:00:00,Practice 2,2020-07-31 15:00:00+01:00,2020-07-31 14:00:00,Practice 3,2020-08-01 11:00:00+01:00,2020-08-01 10:00:00,Qualifying,2020-08-01 14:00:00+01:00,2020-08-01 13:00:00,Race,2020-08-02 14:10:00+01:00,2020-08-02 13:10:00,True,2020
5,Great Britain,Silverstone,EMIRATES FORMULA 1 70TH ANNIVERSARY GRAND PRIX 2020,2020-08-09,70th Anniversary Grand Prix,conventional,Practice 1,2020-08-07 11:00:00+01:00,2020-08-07 10:00:00,Practice 2,2020-08-07 15:00:00+01:00,2020-08-07 14:00:00,Practice 3,2020-08-08 11:00:00+01:00,2020-08-08 10:00:00,Qualifying,2020-08-08 14:00:00+01:00,2020-08-08 13:00:00,Race,2020-08-09 14:10:00+01:00,2020-08-09 13:10:00,True,2020
6,Spain,Barcelona,FORMULA 1 ARAMCO GRAN PREMIO DE ESPAÑA 2020,2020-08-16,Spanish Grand Prix,conventional,Practice 1,2020-08-14 11:00:00+02:00,2020-08-14 09:00:00,Practice 2,2020-08-14 15:00:00+02:00,2020-08-14 13:00:00,Practice 3,2020-08-15 12:00:00+02:00,2020-08-15 10:00:00,Qualifying,2020-08-15 15:00:00+02:00,2020-08-15 13:00:00,Race,2020-08-16 15:10:00+02:00,2020-08-16 13:10:00,True,2020
7,Belgium,Spa-Francorchamps,FORMULA 1 ROLEX BELGIAN GRAND PRIX 2020,2020-08-30,Belgian Grand Prix,conventional,Practice 1,2020-08-28 11:00:00+02:00,2020-08-28 09:00:00,Practice 2,2020-08-28 15:00:00+02:00,2020-08-28 13:00:00,Practice 3,2020-08-29 12:00:00+02:00,2020-08-29 10:00:00,Qualifying,2020-08-29 15:00:00+02:00,2020-08-29 13:00:00,Race,2020-08-30 15:10:00+02:00,2020-08-30 13:10:00,True,2020
8,Italy,Monza,FORMULA 1 GRAN PREMIO HEINEKEN D’ITALIA 2020,2020-09-06,Italian Grand Prix,conventional,Practice 1,2020-09-04 11:00:00+02:00,2020-09-04 09:00:00,Practice 2,2020-09-04 15:00:00+02:00,2020-09-04 13:00:00,Practice 3,2020-09-05 12:00:00+02:00,2020-09-05 10:00:00,Qualifying,2020-09-05 15:00:00+02:00,2020-09-05 13:00:00,Race,2020-09-06 15:10:00+02:00,2020-09-06 13:10:00,True,2020
9,Italy,Mugello,FORMULA 1 PIRELLI GRAN PREMIO DELLA TOSCANA FERRARI 1000 2020,2020-09-13,Tuscan Grand Prix,conventional,Practice 1,2020-09-11 11:00:00+02:00,2020-09-11 09:00:00,Practice 2,2020-09-11 15:00:00+02:00,2020-09-11 13:00:00,Practice 3,2020-09-12 12:00:00+02:00,2020-09-12 10:00:00,Qualifying,2020-09-12 15:00:00+02:00,2020-09-12 13:00:00,Race,2020-09-13 15:10:00+02:00,2020-09-13 13:10:00,True,2020
10,Russia,Sochi,FORMULA 1 VTB RUSSIAN GRAND PRIX 2020,2020-09-27,Russian Grand Prix,conventional,Practice 1,2020-09-25 11:00:00+03:00,2020-09-25 08:00:00,Practice 2,2020-09-25 15:00:00+03:00,2020-09-25 12:00:00,Practice 3,2020-09-26 12:00:00+03:00,2020-09-26 09:00:00,Qualifying,2020-09-26 15:00:00+03:00,2020-09-26 12:00:00,Race,2020-09-27 14:10:00+03:00,2020-09-27 11:10:00,True,2020
11,Germany,Nürburgring,FORMULA 1 ARAMCO GROSSER PREIS DER EIFEL 2020,2020-10-11,Eifel Grand Prix,conventional,Practice 1,2020-10-09 11:00:00+02:00,2020-10-09 09:00:00,Practice 2,2020-10-09 15:00:00+02:00,2020-10-09 13:00:00,Practice 3,2020-10-10 12:00:00+02:00,2020-10-10 10:00:00,Qualifying,2020-10-10 15:00:00+02:00,2020-10-10 13:00:00,Race,2020-10-11 14:10:00+02:00,2020-10-11 12:10:00,True,2020
12,Portugal,Portimão,FORMULA 1 HEINEKEN GRANDE PRÉMIO DE PORTUGAL 2020,2020-10-25,Portuguese Grand Prix,conventional,Practice 1,2020-10-23 11:00:00+00:00,2020-10-23 11:00:00,Practice 2,2020-10-23 15:00:00+00:00,2020-10-23 15:00:00,Practice 3,2020-10-24 11:00:00+00:00,2020-10-24 11:00:00,Qualifying,2020-10-24 14:00:00+00:00,2020-10-24 14:00:00,Race,2020-10-25 13:10:00+00:00,2020-10-25 13:10:00,True,2020
13,Italy,Imola,FORMULA 1 EMIRATES GRAN PREMIO DELL'EMILIA ROMAGNA 2020,2020-11-01,Emilia Romagna Grand Prix,conventional,Practice 1,2020-10-31 10:00:00+01:00,2020-10-31 09:00:00,,,,,,,Qualifying,2020-10-31 14:00:00+01:00,2020-10-31 13:00:00,Race,2020-11-01 13:10:00+01:00,2020-11-01 12:10:00,True,2020
14,Turkey,Istanbul,FORMULA 1 DHL TURKISH GRAND PRIX 2020,2020-11-15,Turkish Grand Prix,conventional,Practice 1,2020-11-13 11:00:00+03:00,2020-11-13 08:00:00,Practice 2,2020-11-13 15:00:00+03:00,2020-11-13 12:00:00,Practice 3,2020-11-14 12:00:00+03:00,2020-11-14 09:00:00,Qualifying,2020-11-14 15:00:00+03:00,2020-11-14 12:00:00,Race,2020-11-15 13:10:00+03:00,2020-11-15 10:10:00,True,2020
15,Bahrain,Sakhir,FORMULA 1 GULF AIR BAHRAIN GRAND PRIX 2020,2020-11-29,Bahrain Grand Prix,conventional,Practice 1,2020-11-27 14:00:00+03:00,2020-11-27 11:00:00,Practice 2,2020-11-27 18:00:00+03:00,2020-11-27 15:00:00,Practice 3,2020-11-28 14:00:00+03:00,2020-11-28 11:00:00,Qualifying,2020-11-28 17:00:00+03:00,2020-11-28 14:00:00,Race,2020-11-29 17:10:00+03:00,2020-11-29 14:10:00,True,2020
16,Bahrain,Sakhir,FORMULA 1 ROLEX SAKHIR GRAND PRIX 2020,2020-12-06,Sakhir Grand Prix,conventional,Practice 1,2020-12-04 16:30:00+03:00,2020-12-04 13:30:00,Practice 2,2020-12-04 20:30:00+03:00,2020-12-04 17:30:00,Practice 3,2020-12-05 17:00:00+03:00,2020-12-05 14:00:00,Qualifying,2020-12-05 20:00:00+03:00,2020-12-05 17:00:00,Race,2020-12-06 20:10:00+03:00,2020-12-06 17:10:00,True,2020
17,Abu Dhabi,Yas Island,FORMULA 1 ETIHAD AIRWAYS ABU DHABI GRAND PRIX 2020,2020-12-13,Abu Dhabi Grand Prix,conventional,Practice 1,2020-12-11 13:00:00+04:00,2020-12-11 09:00:00,Practice 2,2020-12-11 17:00:00+04:00,2020-12-11 13:00:00,Practice 3,2020-12-12 14:00:00+04:00,2020-12-12 10:00:00,Qualifying,2020-12-12 17:00:00+04:00,2020-12-12 13:00:00,Race,2020-12-13 17:10:00+04:00,2020-12-13 13:10:00,True,2020
0,Bahrain,Bahrain,FORMULA 1 ARAMCO PRE-SEASON TESTING 2021,2021-03-14,Pre-Season Test,testing,Practice 1,2021-03-12 10:00:00+03:00,2021-03-12 07:00:00,Practice 2,2021-03-13 10:00:00+03:00,2021-03-13 07:00:00,Practice 3,2021-03-14 10:00:00+03:00,2021-03-14 07:00:00,None,,,None,,,False,2021
1,Bahrain,Sakhir,FORMULA 1 GULF AIR BAHRAIN GRAND PRIX 2021,2021-03-28,Bahrain Grand Prix,conventional,Practice 1,2021-03-26 14:30:00+03:00,2021-03-26 11:30:00,Practice 2,2021-03-26 18:00:00+03:00,2021-03-26 15:00:00,Practice 3,2021-03-27 15:00:00+03:00,2021-03-27 12:00:00,Qualifying,2021-03-27 18:00:00+03:00,2021-03-27 15:00:00,Race,2021-03-28 18:00:00+03:00,2021-03-28 15:00:00,True,2021
2,Italy,Imola,FORMULA 1 PIRELLI GRAN PREMIO DEL MADE IN ITALY E DELL'EMILIA ROMAGNA 2021,2021-04-18,Emilia Romagna Grand Prix,conventional,Practice 1,2021-04-16 11:00:00+02:00,2021-04-16 09:00:00,Practice 2,2021-04-16 14:30:00+02:00,2021-04-16 12:30:00,Practice 3,2021-04-17 11:00:00+02:00,2021-04-17 09:00:00,Qualifying,2021-04-17 14:00:00+02:00,2021-04-17 12:00:00,Race,2021-04-18 15:00:00+02:00,2021-04-18 13:00:00,True,2021
3,Portugal,Portimão,FORMULA 1 HEINEKEN GRANDE PRÉMIO DE PORTUGAL 2021,2021-05-02,Portuguese Grand Prix,conventional,Practice 1,2021-04-30 11:30:00+01:00,2021-04-30 10:30:00,Practice 2,2021-04-30 15:00:00+01:00,2021-04-30 14:00:00,Practice 3,2021-05-01 12:00:00+01:00,2021-05-01 11:00:00,Qualifying,2021-05-01 15:00:00+01:00,2021-05-01 14:00:00,Race,2021-05-02 15:00:00+01:00,2021-05-02 14:00:00,True,2021
4,Spain,Barcelona,FORMULA 1 ARAMCO GRAN PREMIO DE ESPAÑA 2021,2021-05-09,Spanish Grand Prix,conventional,Practice 1,2021-05-07 11:30:00+02:00,2021-05-07 09:30:00,Practice 2,2021-05-07 15:00:00+02:00,2021-05-07 13:00:00,Practice 3,2021-05-08 12:00:00+02:00,2021-05-08 10:00:00,Qualifying,2021-05-08 15:00:00+02:00,2021-05-08 13:00:00,Race,2021-05-09 15:00:00+02:00,2021-05-09 13:00:00,True,2021
5,Monaco,Monte Carlo,FORMULA 1 GRAND PRIX DE MONACO 2021,2021-05-23,Monaco Grand Prix,conventional,Practice 1,2021-05-20 11:30:00+02:00,2021-05-20 09:30:00,Practice 2,2021-05-20 15:00:00+02:00,2021-05-20 13:00:00,Practice 3,2021-05-22 12:00:00+02:00,2021-05-22 10:00:00,Qualifying,2021-05-22 15:00:00+02:00,2021-05-22 13:00:00,Race,2021-05-23 15:00:00+02:00,2021-05-23 13:00:00,True,2021
6,Azerbaijan,Baku,FORMULA 1 AZERBAIJAN GRAND PRIX 2021,2021-06-06,Azerbaijan Grand Prix,conventional,Practice 1,2021-06-04 12:30:00+04:00,2021-06-04 08:30:00,Practice 2,2021-06-04 16:00:00+04:00,2021-06-04 12:00:00,Practice 3,2021-06-05 13:00:00+04:00,2021-06-05 09:00:00,Qualifying,2021-06-05 16:00:00+04:00,2021-06-05 12:00:00,Race,2021-06-06 16:00:00+04:00,2021-06-06 12:00:00,True,2021
7,France,Le Castellet,FORMULA 1 EMIRATES GRAND PRIX DE FRANCE 2021,2021-06-20,French Grand Prix,conventional,Practice 1,2021-06-18 11:30:00+02:00,2021-06-18 09:30:00,Practice 2,2021-06-18 15:00:00+02:00,2021-06-18 13:00:00,Practice 3,2021-06-19 12:00:00+02:00,2021-06-19 10:00:00,Qualifying,2021-06-19 15:00:00+02:00,2021-06-19 13:00:00,Race,2021-06-20 15:00:00+02:00,2021-06-20 13:00:00,True,2021
8,Austria,Spielberg,FORMULA 1 BWT GROSSER PREIS DER STEIERMARK 2021,2021-06-27,Styrian Grand Prix,conventional,Practice 1,2021-06-25 11:30:00+02:00,2021-06-25 09:30:00,Practice 2,2021-06-25 15:00:00+02:00,2021-06-25 13:00:00,Practice 3,2021-06-26 12:00:00+02:00,2021-06-26 10:00:00,Qualifying,2021-06-26 15:00:00+02:00,2021-06-26 13:00:00,Race,2021-06-27 15:00:00+02:00,2021-06-27 13:00:00,True,2021
9,Austria,Spielberg,FORMULA 1 BWT GROSSER PREIS VON ÖSTERREICH 2021,2021-07-04,Austrian Grand Prix,conventional,Practice 1,2021-07-02 11:30:00+02:00,2021-07-02 09:30:00,Practice 2,2021-07-02 15:00:00+02:00,2021-07-02 13:00:00,Practice 3,2021-07-03 12:00:00+02:00,2021-07-03 10:00:00,Qualifying,2021-07-03 15:00:00+02:00,2021-07-03 13:00:00,Race,2021-07-04 15:00:00+02:00,2021-07-04 13:00:00,True,2021
10,Great Britain,Silverstone,FORMULA 1 PIRELLI BRITISH GRAND PRIX 2021,2021-07-18,British Grand Prix,sprint,Practice 1,2021-07-16 14:30:00+01:00,2021-07-16 13:30:00,Qualifying,2021-07-16 18:00:00+01:00,2021-07-16 17:00:00,Practice 2,2021-07-17 12:00:00+01:00,2021-07-17 11:00:00,Sprint,2021-07-17 16:30:00+01:00,2021-07-17 15:30:00,Race,2021-07-18 15:00:00+01:00,2021-07-18 14:00:00,True,2021
11,Hungary,Budapest,FORMULA 1 ROLEX MAGYAR NAGYDÍJ 2021,2021-08-01,Hungarian Grand Prix,conventional,Practice 1,2021-07-30 11:30:00+02:00,2021-07-30 09:30:00,Practice 2,2021-07-30 15:00:00+02:00,2021-07-30 13:00:00,Practice 3,2021-07-31 12:00:00+02:00,2021-07-31 10:00:00,Qualifying,2021-07-31 15:00:00+02:00,2021-07-31 13:00:00,Race,2021-08-01 15:00:00+02:00,2021-08-01 13:00:00,True,2021
12,Belgium,Spa-Francorchamps,FORMULA 1 ROLEX BELGIAN GRAND PRIX 2021,2021-08-29,Belgian Grand Prix,conventional,Practice 1,2021-08-27 11:30:00+02:00,2021-08-27 09:30:00,Practice 2,2021-08-27 15:00:00+02:00,2021-08-27 13:00:00,Practice 3,2021-08-28 12:00:00+02:00,2021-08-28 10:00:00,Qualifying,2021-08-28 15:00:00+02:00,2021-08-28 13:00:00,Race,2021-08-29 15:00:00+02:00,2021-08-29 13:00:00,True,2021
13,Netherlands,Zandvoort,FORMULA 1 HEINEKEN DUTCH GRAND PRIX 2021,2021-09-05,Dutch Grand Prix,conventional,Practice 1,2021-09-03 11:30:00+02:00,2021-09-03 09:30:00,Practice 2,2021-09-03 15:00:00+02:00,2021-09-03 13:00:00,Practice 3,2021-09-04 12:00:00+02:00,2021-09-04 10:00:00,Qualifying,2021-09-04 15:00:00+02:00,2021-09-04 13:00:00,Race,2021-09-05 15:00:00+02:00,2021-09-05 13:00:00,True,2021
14,Italy,Monza,FORMULA 1 HEINEKEN GRAN PREMIO D’ITALIA 2021,2021-09-12,Italian Grand Prix,sprint,Practice 1,2021-09-10 14:30:00+02:00,2021-09-10 12:30:00,Qualifying,2021-09-10 18:00:00+02:00,2021-09-10 16:00:00,Practice 2,2021-09-11 12:00:00+02:00,2021-09-11 10:00:00,Sprint,2021-09-11 16:30:00+02:00,2021-09-11 14:30:00,Race,2021-09-12 15:00:00+02:00,2021-09-12 13:00:00,True,2021
15,Russia,Sochi,FORMULA 1 VTB RUSSIAN GRAND PRIX 2021,2021-09-26,Russian Grand Prix,conventional,Practice 1,2021-09-24 11:30:00+03:00,2021-09-24 08:30:00,Practice 2,2021-09-24 15:00:00+03:00,2021-09-24 12:00:00,Practice 3,2021-09-25 12:00:00+03:00,2021-09-25 09:00:00,Qualifying,2021-09-25 15:00:00+03:00,2021-09-25 12:00:00,Race,2021-09-26 15:00:00+03:00,2021-09-26 12:00:00,True,2021
16,Turkey,Istanbul,FORMULA 1 ROLEX TURKISH GRAND PRIX 2021,2021-10-10,Turkish Grand Prix,conventional,Practice 1,2021-10-08 11:30:00+03:00,2021-10-08 08:30:00,Practice 2,2021-10-08 15:00:00+03:00,2021-10-08 12:00:00,Practice 3,2021-10-09 12:00:00+03:00,2021-10-09 09:00:00,Qualifying,2021-10-09 15:00:00+03:00,2021-10-09 12:00:00,Race,2021-10-10 15:00:00+03:00,2021-10-10 12:00:00,True,2021
17,United States,Austin,FORMULA 1 ARAMCO UNITED STATES GRAND PRIX 2021,2021-10-24,United States Grand Prix,conventional,Practice 1,2021-10-22 11:30:00-05:00,2021-10-22 16:30:00,Practice 2,2021-10-22 15:00:00-05:00,2021-10-22 20:00:00,Practice 3,2021-10-23 13:00:00-05:00,2021-10-23 18:00:00,Qualifying,2021-10-23 16:00:00-05:00,2021-10-23 21:00:00,Race,2021-10-24 14:00:00-05:00,2021-10-24 19:00:00,True,2021
18,Mexico,Mexico City,FORMULA 1 GRAN PREMIO DE LA CIUDAD DE MÉXICO 2021,2021-11-07,Mexico City Grand Prix,conventional,Practice 1,2021-11-05 11:30:00-06:00,2021-11-05 17:30:00,Practice 2,2021-11-05 15:00:00-06:00,2021-11-05 21:00:00,Practice 3,2021-11-06 11:00:00-06:00,2021-11-06 17:00:00,Qualifying,2021-11-06 14:00:00-06:00,2021-11-06 20:00:00,Race,2021-11-07 13:00:00-06:00,2021-11-07 19:00:00,True,2021
19,Brazil,São Paulo,FORMULA 1 HEINEKEN GRANDE PRÊMIO DE SÃO PAULO 2021,2021-11-14,São Paulo Grand Prix,sprint,Practice 1,2021-11-12 12:30:00-03:00,2021-11-12 15:30:00,Qualifying,2021-11-12 16:00:00-03:00,2021-11-12 19:00:00,Practice 2,2021-11-13 12:00:00-03:00,2021-11-13 15:00:00,Sprint,2021-11-13 16:30:00-03:00,2021-11-13 19:30:00,Race,2021-11-14 14:00:00-03:00,2021-11-14 17:00:00,True,2021
20,Qatar,Lusail,FORMULA 1 OOREDOO QATAR GRAND PRIX 2021,2021-11-21,Qatar Grand Prix,conventional,Practice 1,2021-11-19 13:30:00+03:00,2021-11-19 10:30:00,Practice 2,2021-11-19 17:00:00+03:00,2021-11-19 14:00:00,Practice 3,2021-11-20 14:00:00+03:00,2021-11-20 11:00:00,Qualifying,2021-11-20 17:00:00+03:00,2021-11-20 14:00:00,Race,2021-11-21 17:00:00+03:00,2021-11-21 14:00:00,True,2021
21,Saudi Arabia,Jeddah,FORMULA 1 STC SAUDI ARABIAN GRAND PRIX 2021,2021-12-05,Saudi Arabian Grand Prix,conventional,Practice 1,2021-12-03 16:30:00+03:00,2021-12-03 13:30:00,Practice 2,2021-12-03 20:00:00+03:00,2021-12-03 17:00:00,Practice 3,2021-12-04 17:00:00+03:00,2021-12-04 14:00:00,Qualifying,2021-12-04 20:00:00+03:00,2021-12-04 17:00:00,Race,2021-12-05 20:30:00+03:00,2021-12-05 17:30:00,True,2021
22,Abu Dhabi,Yas Island,FORMULA 1 ETIHAD AIRWAYS ABU DHABI GRAND PRIX 2021,2021-12-12,Abu Dhabi Grand Prix,conventional,Practice 1,2021-12-10 13:30:00+04:00,2021-12-10 09:30:00,Practice 2,2021-12-10 17:00:00+04:00,2021-12-10 13:00:00,Practice 3,2021-12-11 14:00:00+04:00,2021-12-11 10:00:00,Qualifying,2021-12-11 17:00:00+04:00,2021-12-11 13:00:00,Race,2021-12-12 17:00:00+04:00,2021-12-12 13:00:00,True,2021
0,Spain,Spain,FORMULA 1 PRE-SEASON TRACK SESSION 2022,2022-02-25,Pre-Season Track Session,testing,Practice 1,2022-02-23 09:00:00+01:00,2022-02-23 08:00:00,Practice 2,2022-02-24 09:00:00+01:00,2022-02-24 08:00:00,Practice 3,2022-02-25 09:00:00+01:00,2022-02-25 08:00:00,None,,,None,,,False,2022
0,Bahrain,Bahrain,FORMULA 1 ARAMCO PRE-SEASON TESTING 2022,2022-03-12,Pre-Season Test,testing,Practice 1,2022-03-10 10:00:00+03:00,2022-03-10 07:00:00,Practice 2,2022-03-11 10:00:00+03:00,2022-03-11 07:00:00,Practice 3,2022-03-12 10:00:00+03:00,2022-03-12 07:00:00,None,,,None,,,True,2022
1,Bahrain,Sakhir,FORMULA 1 GULF AIR BAHRAIN GRAND PRIX 2022,2022-03-20,Bahrain Grand Prix,conventional,Practice 1,2022-03-18 15:00:00+03:00,2022-03-18 12:00:00,Practice 2,2022-03-18 18:00:00+03:00,2022-03-18 15:00:00,Practice 3,2022-03-19 15:00:00+03:00,2022-03-19 12:00:00,Qualifying,2022-03-19 18:00:00+03:00,2022-03-19 15:00:00,Race,2022-03-20 18:00:00+03:00,2022-03-20 15:00:00,True,2022
2,Saudi Arabia,Jeddah,FORMULA 1 STC SAUDI ARABIAN GRAND PRIX 2022,2022-03-27,Saudi Arabian Grand Prix,conventional,Practice 1,2022-03-25 17:00:00+03:00,2022-03-25 14:00:00,Practice 2,2022-03-25 20:00:00+03:00,2022-03-25 17:00:00,Practice 3,2022-03-26 17:00:00+03:00,2022-03-26 14:00:00,Qualifying,2022-03-26 20:00:00+03:00,2022-03-26 17:00:00,Race,2022-03-27 20:00:00+03:00,2022-03-27 17:00:00,True,2022
3,Australia,Melbourne,FORMULA 1 HEINEKEN AUSTRALIAN GRAND PRIX 2022,2022-04-10,Australian Grand Prix,conventional,Practice 1,2022-04-08 13:00:00+10:00,2022-04-08 03:00:00,Practice 2,2022-04-08 16:00:00+10:00,2022-04-08 06:00:00,Practice 3,2022-04-09 13:00:00+10:00,2022-04-09 03:00:00,Qualifying,2022-04-09 16:00:00+10:00,2022-04-09 06:00:00,Race,2022-04-10 15:00:00+10:00,2022-04-10 05:00:00,True,2022
4,Italy,Imola,FORMULA 1 ROLEX GRAN PREMIO DEL MADE IN ITALY E DELL'EMILIA-ROMAGNA 2022,2022-04-24,Emilia Romagna Grand Prix,sprint,Practice 1,2022-04-22 13:30:00+02:00,2022-04-22 11:30:00,Qualifying,2022-04-22 17:00:00+02:00,2022-04-22 15:00:00,Practice 2,2022-04-23 12:30:00+02:00,2022-04-23 10:30:00,Sprint,2022-04-23 16:30:00+02:00,2022-04-23 14:30:00,Race,2022-04-24 15:00:00+02:00,2022-04-24 13:00:00,True,2022
5,United States,Miami,FORMULA 1 CRYPTO.COM MIAMI GRAND PRIX 2022,2022-05-08,Miami Grand Prix,conventional,Practice 1,2022-05-06 14:30:00-04:00,2022-05-06 18:30:00,Practice 2,2022-05-06 17:30:00-04:00,2022-05-06 21:30:00,Practice 3,2022-05-07 13:00:00-04:00,2022-05-07 17:00:00,Qualifying,2022-05-07 16:00:00-04:00,2022-05-07 20:00:00,Race,2022-05-08 15:30:00-04:00,2022-05-08 19:30:00,True,2022
6,Spain,Barcelona,FORMULA 1 PIRELLI GRAN PREMIO DE ESPAÑA 2022,2022-05-22,Spanish Grand Prix,conventional,Practice 1,2022-05-20 14:00:00+02:00,2022-05-20 12:00:00,Practice 2,2022-05-20 17:00:00+02:00,2022-05-20 15:00:00,Practice 3,2022-05-21 13:00:00+02:00,2022-05-21 11:00:00,Qualifying,2022-05-21 16:00:00+02:00,2022-05-21 14:00:00,Race,2022-05-22 15:00:00+02:00,2022-05-22 13:00:00,True,2022
7,Monaco,Monaco,FORMULA 1 GRAND PRIX DE MONACO 2022,2022-05-29,Monaco Grand Prix,conventional,Practice 1,2022-05-27 14:00:00+02:00,2022-05-27 12:00:00,Practice 2,2022-05-27 17:00:00+02:00,2022-05-27 15:00:00,Practice 3,2022-05-28 13:00:00+02:00,2022-05-28 11:00:00,Qualifying,2022-05-28 16:00:00+02:00,2022-05-28 14:00:00,Race,2022-05-29 15:00:00+02:00,2022-05-29 13:00:00,True,2022
8,Azerbaijan,Baku,FORMULA 1 AZERBAIJAN GRAND PRIX 2022,2022-06-12,Azerbaijan Grand Prix,conventional,Practice 1,2022-06-10 15:00:00+04:00,2022-06-10 11:00:00,Practice 2,2022-06-10 18:00:00+04:00,2022-06-10 14:00:00,Practice 3,2022-06-11 15:00:00+04:00,2022-06-11 11:00:00,Qualifying,2022-06-11 18:00:00+04:00,2022-06-11 14:00:00,Race,2022-06-12 15:00:00+04:00,2022-06-12 11:00:00,True,2022
9,Canada,Montréal,FORMULA 1 AWS GRAND PRIX DU CANADA 2022,2022-06-19,Canadian Grand Prix,conventional,Practice 1,2022-06-17 14:00:00-04:00,2022-06-17 18:00:00,Practice 2,2022-06-17 17:00:00-04:00,2022-06-17 21:00:00,Practice 3,2022-06-18 13:00:00-04:00,2022-06-18 17:00:00,Qualifying,2022-06-18 16:00:00-04:00,2022-06-18 20:00:00,Race,2022-06-19 14:00:00-04:00,2022-06-19 18:00:00,True,2022
10,Great Britain,Silverstone,FORMULA 1 LENOVO BRITISH GRAND PRIX 2022,2022-07-03,British Grand Prix,conventional,Practice 1,2022-07-01 13:00:00+01:00,2022-07-01 12:00:00,Practice 2,2022-07-01 16:00:00+01:00,2022-07-01 15:00:00,Practice 3,2022-07-02 12:00:00+01:00,2022-07-02 11:00:00,Qualifying,2022-07-02 15:00:00+01:00,2022-07-02 14:00:00,Race,2022-07-03 15:00:00+01:00,2022-07-03 14:00:00,True,2022
11,Austria,Spielberg,FORMULA 1 ROLEX GROSSER PREIS VON ÖSTERREICH 2022,2022-07-10,Austrian Grand Prix,sprint,Practice 1,2022-07-08 13:30:00+02:00,2022-07-08 11:30:00,Qualifying,2022-07-08 17:00:00+02:00,2022-07-08 15:00:00,Practice 2,2022-07-09 12:30:00+02:00,2022-07-09 10:30:00,Sprint,2022-07-09 16:30:00+02:00,2022-07-09 14:30:00,Race,2022-07-10 15:00:00+02:00,2022-07-10 13:00:00,True,2022
12,France,Le Castellet,FORMULA 1 LENOVO GRAND PRIX DE FRANCE 2022,2022-07-24,French Grand Prix,conventional,Practice 1,2022-07-22 14:00:00+02:00,2022-07-22 12:00:00,Practice 2,2022-07-22 17:00:00+02:00,2022-07-22 15:00:00,Practice 3,2022-07-23 13:00:00+02:00,2022-07-23 11:00:00,Qualifying,2022-07-23 16:00:00+02:00,2022-07-23 14:00:00,Race,2022-07-24 15:00:00+02:00,2022-07-24 13:00:00,True,2022
13,Hungary,Budapest,FORMULA 1 ARAMCO MAGYAR NAGYDÍJ 2022,2022-07-31,Hungarian Grand Prix,conventional,Practice 1,2022-07-29 14:00:00+02:00,2022-07-29 12:00:00,Practice 2,2022-07-29 17:00:00+02:00,2022-07-29 15:00:00,Practice 3,2022-07-30 13:00:00+02:00,2022-07-30 11:00:00,Qualifying,2022-07-30 16:00:00+02:00,2022-07-30 14:00:00,Race,2022-07-31 15:00:00+02:00,2022-07-31 13:00:00,True,2022
14,Belgium,Spa-Francorchamps,FORMULA 1 ROLEX BELGIAN GRAND PRIX 2022,2022-08-28,Belgian Grand Prix,conventional,Practice 1,2022-08-26 14:00:00+02:00,2022-08-26 12:00:00,Practice 2,2022-08-26 17:00:00+02:00,2022-08-26 15:00:00,Practice 3,2022-08-27 13:00:00+02:00,2022-08-27 11:00:00,Qualifying,2022-08-27 16:00:00+02:00,2022-08-27 14:00:00,Race,2022-08-28 15:00:00+02:00,2022-08-28 13:00:00,True,2022
15,Netherlands,Zandvoort,FORMULA 1 HEINEKEN DUTCH GRAND PRIX 2022,2022-09-04,Dutch Grand Prix,conventional,Practice 1,2022-09-02 12:30:00+02:00,2022-09-02 10:30:00,Practice 2,2022-09-02 16:00:00+02:00,2022-09-02 14:00:00,Practice 3,2022-09-03 12:00:00+02:00,2022-09-03 10:00:00,Qualifying,2022-09-03 15:00:00+02:00,2022-09-03 13:00:00,Race,2022-09-04 15:00:00+02:00,2022-09-04 13:00:00,True,2022
16,Italy,Monza,FORMULA 1 PIRELLI GRAN PREMIO D’ITALIA 2022,2022-09-11,Italian Grand Prix,conventional,Practice 1,2022-09-09 14:00:00+02:00,2022-09-09 12:00:00,Practice 2,2022-09-09 17:00:00+02:00,2022-09-09 15:00:00,Practice 3,2022-09-10 13:00:00+02:00,2022-09-10 11:00:00,Qualifying,2022-09-10 16:00:00+02:00,2022-09-10 14:00:00,Race,2022-09-11 15:00:00+02:00,2022-09-11 13:00:00,True,2022
17,Singapore,Marina Bay,FORMULA 1 SINGAPORE AIRLINES SINGAPORE GRAND PRIX 2022,2022-10-02,Singapore Grand Prix,conventional,Practice 1,2022-09-30 18:00:00+08:00,2022-09-30 10:00:00,Practice 2,2022-09-30 21:00:00+08:00,2022-09-30 13:00:00,Practice 3,2022-10-01 18:00:00+08:00,2022-10-01 10:00:00,Qualifying,2022-10-01 21:00:00+08:00,2022-10-01 13:00:00,Race,2022-10-02 20:00:00+08:00,2022-10-02 12:00:00,True,2022
18,Japan,Suzuka,FORMULA 1 HONDA JAPANESE GRAND PRIX 2022,2022-10-09,Japanese Grand Prix,conventional,Practice 1,2022-10-07 12:00:00+09:00,2022-10-07 03:00:00,Practice 2,2022-10-07 15:00:00+09:00,2022-10-07 06:00:00,Practice 3,2022-10-08 12:00:00+09:00,2022-10-08 03:00:00,Qualifying,2022-10-08 15:00:00+09:00,2022-10-08 06:00:00,Race,2022-10-09 14:00:00+09:00,2022-10-09 05:00:00,True,2022
19,United States,Austin,FORMULA 1 ARAMCO UNITED STATES GRAND PRIX 2022,2022-10-23,United States Grand Prix,conventional,Practice 1,2022-10-21 14:00:00-05:00,2022-10-21 19:00:00,Practice 2,2022-10-21 17:00:00-05:00,2022-10-21 22:00:00,Practice 3,2022-10-22 14:00:00-05:00,2022-10-22 19:00:00,Qualifying,2022-10-22 17:00:00-05:00,2022-10-22 22:00:00,Race,2022-10-23 14:00:00-05:00,2022-10-23 19:00:00,True,2022
20,Mexico,Mexico City,FORMULA 1 HEINEKEN GRAN PREMIO DE LA CIUDAD DE MÉXICO 2022,2022-10-30,Mexico City Grand Prix,conventional,Practice 1,2022-10-28 13:00:00-06:00,2022-10-28 19:00:00,Practice 2,2022-10-28 16:00:00-06:00,2022-10-28 22:00:00,Practice 3,2022-10-29 12:00:00-06:00,2022-10-29 18:00:00,Qualifying,2022-10-29 15:00:00-06:00,2022-10-29 21:00:00,Race,2022-10-30 14:00:00-06:00,2022-10-30 20:00:00,True,2022
21,Brazil,São Paulo,FORMULA 1 HEINEKEN GRANDE PRÊMIO DE SÃO PAULO 2022,2022-11-13,São Paulo Grand Prix,sprint,Practice 1,2022-11-11 12:30:00-03:00,2022-11-11 15:30:00,Qualifying,2022-11-11 16:00:00-03:00,2022-11-11 19:00:00,Practice 2,2022-11-12 12:30:00-03:00,2022-11-12 15:30:00,Sprint,2022-11-12 16:30:00-03:00,2022-11-12 19:30:00,Race,2022-11-13 15:00:00-03:00,2022-11-13 18:00:00,True,2022
22,Abu Dhabi,Yas Island,FORMULA 1 ETIHAD AIRWAYS ABU DHABI GRAND PRIX 2022,2022-11-20,Abu Dhabi Grand Prix,conventional,Practice 1,2022-11-18 14:00:00+04:00,2022-11-18 10:00:00,Practice 2,2022-11-18 17:00:00+04:00,2022-11-18 13:00:00,Practice 3,2022-11-19 14:30:00+04:00,2022-11-19 10:30:00,Qualifying,2022-11-19 18:00:00+04:00,2022-11-19 14:00:00,Race,2022-11-20 17:00:00+04:00,2022-11-20 13:00:00,True,2022
0,Bahrain,Sakhir,FORMULA 1 ARAMCO PRE-SEASON TESTING 2023,2023-02-25,Pre-Season Testing,testing,Practice 1,2023-02-23 10:00:00+03:00,2023-02-23 07:00:00,Practice 2,2023-02-24 10:00:00+03:00,2023-02-24 07:00:00,Practice 3,2023-02-25 10:00:00+03:00,2023-02-25 07:00:00,None,,,None,,,True,2023
1,Bahrain,Sakhir,FORMULA 1 GULF AIR BAHRAIN GRAND PRIX 2023,2023-03-05,Bahrain Grand Prix,conventional,Practice 1,2023-03-03 14:30:00+03:00,2023-03-03 11:30:00,Practice 2,2023-03-03 18:00:00+03:00,2023-03-03 15:00:00,Practice 3,2023-03-04 14:30:00+03:00,2023-03-04 11:30:00,Qualifying,2023-03-04 18:00:00+03:00,2023-03-04 15:00:00,Race,2023-03-05 18:00:00+03:00,2023-03-05 15:00:00,True,2023
2,Saudi Arabia,Jeddah,FORMULA 1 STC SAUDI ARABIAN GRAND PRIX 2023,2023-03-19,Saudi Arabian Grand Prix,conventional,Practice 1,2023-03-17 16:30:00+03:00,2023-03-17 13:30:00,Practice 2,2023-03-17 20:00:00+03:00,2023-03-17 17:00:00,Practice 3,2023-03-18 16:30:00+03:00,2023-03-18 13:30:00,Qualifying,2023-03-18 20:00:00+03:00,2023-03-18 17:00:00,Race,2023-03-19 20:00:00+03:00,2023-03-19 17:00:00,True,2023
3,Australia,Melbourne,FORMULA 1 ROLEX AUSTRALIAN GRAND PRIX 2023,2023-04-02,Australian Grand Prix,conventional,Practice 1,2023-03-31 12:30:00+10:00,2023-03-31 02:30:00,Practice 2,2023-03-31 16:00:00+10:00,2023-03-31 06:00:00,Practice 3,2023-04-01 12:30:00+10:00,2023-04-01 02:30:00,Qualifying,2023-04-01 16:00:00+10:00,2023-04-01 06:00:00,Race,2023-04-02 15:00:00+10:00,2023-04-02 05:00:00,True,2023
4,Azerbaijan,Baku,FORMULA 1 AZERBAIJAN GRAND PRIX 2023,2023-04-30,Azerbaijan Grand Prix,sprint_shootout,Practice 1,2023-04-28 13:30:00+04:00,2023-04-28 09:30:00,Qualifying,2023-04-28 17:00:00+04:00,2023-04-28 13:00:00,Sprint Shootout,2023-04-29 12:30:00+04:00,2023-04-29 08:30:00,Sprint,2023-04-29 17:30:00+04:00,2023-04-29 13:30:00,Race,2023-04-30 15:00:00+04:00,2023-04-30 11:00:00,True,2023
5,United States,Miami,FORMULA 1 CRYPTO.COM MIAMI GRAND PRIX 2023,2023-05-07,Miami Grand Prix,conventional,Practice 1,2023-05-05 14:00:00-04:00,2023-05-05 18:00:00,Practice 2,2023-05-05 17:30:00-04:00,2023-05-05 21:30:00,Practice 3,2023-05-06 12:30:00-04:00,2023-05-06 16:30:00,Qualifying,2023-05-06 16:00:00-04:00,2023-05-06 20:00:00,Race,2023-05-07 15:30:00-04:00,2023-05-07 19:30:00,True,2023
6,Monaco,Monaco,FORMULA 1 GRAND PRIX DE MONACO 2023,2023-05-28,Monaco Grand Prix,conventional,Practice 1,2023-05-26 13:30:00+02:00,2023-05-26 11:30:00,Practice 2,2023-05-26 17:00:00+02:00,2023-05-26 15:00:00,Practice 3,2023-05-27 12:30:00+02:00,2023-05-27 10:30:00,Qualifying,2023-05-27 16:00:00+02:00,2023-05-27 14:00:00,Race,2023-05-28 15:00:00+02:00,2023-05-28 13:00:00,True,2023
7,Spain,Barcelona,FORMULA 1 AWS GRAN PREMIO DE ESPAÑA 2023,2023-06-04,Spanish Grand Prix,conventional,Practice 1,2023-06-02 13:30:00+02:00,2023-06-02 11:30:00,Practice 2,2023-06-02 17:00:00+02:00,2023-06-02 15:00:00,Practice 3,2023-06-03 12:30:00+02:00,2023-06-03 10:30:00,Qualifying,2023-06-03 16:00:00+02:00,2023-06-03 14:00:00,Race,2023-06-04 15:00:00+02:00,2023-06-04 13:00:00,True,2023
8,Canada,Montréal,FORMULA 1 PIRELLI GRAND PRIX DU CANADA 2023,2023-06-18,Canadian Grand Prix,conventional,Practice 1,2023-06-16 13:30:00-04:00,2023-06-16 17:30:00,Practice 2,2023-06-16 16:30:00-04:00,2023-06-16 20:30:00,Practice 3,2023-06-17 12:30:00-04:00,2023-06-17 16:30:00,Qualifying,2023-06-17 16:00:00-04:00,2023-06-17 20:00:00,Race,2023-06-18 14:00:00-04:00,2023-06-18 18:00:00,True,2023
9,Austria,Spielberg,FORMULA 1 ROLEX GROSSER PREIS VON ÖSTERREICH 2023,2023-07-02,Austrian Grand Prix,sprint_shootout,Practice 1,2023-06-30 13:30:00+02:00,2023-06-30 11:30:00,Qualifying,2023-06-30 17:00:00+02:00,2023-06-30 15:00:00,Sprint Shootout,2023-07-01 12:00:00+02:00,2023-07-01 10:00:00,Sprint,2023-07-01 16:30:00+02:00,2023-07-01 14:30:00,Race,2023-07-02 15:00:00+02:00,2023-07-02 13:00:00,True,2023
10,Great Britain,Silverstone,FORMULA 1 ARAMCO BRITISH GRAND PRIX 2023,2023-07-09,British Grand Prix,conventional,Practice 1,2023-07-07 12:30:00+01:00,2023-07-07 11:30:00,Practice 2,2023-07-07 16:00:00+01:00,2023-07-07 15:00:00,Practice 3,2023-07-08 11:30:00+01:00,2023-07-08 10:30:00,Qualifying,2023-07-08 15:00:00+01:00,2023-07-08 14:00:00,Race,2023-07-09 15:00:00+01:00,2023-07-09 14:00:00,True,2023
11,Hungary,Budapest,FORMULA 1 QATAR AIRWAYS HUNGARIAN GRAND PRIX 2023,2023-07-23,Hungarian Grand Prix,conventional,Practice 1,2023-07-21 13:30:00+02:00,2023-07-21 11:30:00,Practice 2,2023-07-21 17:00:00+02:00,2023-07-21 15:00:00,Practice 3,2023-07-22 12:30:00+02:00,2023-07-22 10:30:00,Qualifying,2023-07-22 16:00:00+02:00,2023-07-22 14:00:00,Race,2023-07-23 15:00:00+02:00,2023-07-23 13:00:00,True,2023
12,Belgium,Spa-Francorchamps,FORMULA 1 MSC CRUISES BELGIAN GRAND PRIX 2023,2023-07-30,Belgian Grand Prix,sprint_shootout,Practice 1,2023-07-28 13:30:00+02:00,2023-07-28 11:30:00,Qualifying,2023-07-28 17:00:00+02:00,2023-07-28 15:00:00,Sprint Shootout,2023-07-29 12:00:00+02:00,2023-07-29 10:00:00,Sprint,2023-07-29 17:05:00+02:00,2023-07-29 15:05:00,Race,2023-07-30 15:00:00+02:00,2023-07-30 13:00:00,True,2023
13,Netherlands,Zandvoort,FORMULA 1 HEINEKEN DUTCH GRAND PRIX 2023,2023-08-27,Dutch Grand Prix,conventional,Practice 1,2023-08-25 12:30:00+02:00,2023-08-25 10:30:00,Practice 2,2023-08-25 16:00:00+02:00,2023-08-25 14:00:00,Practice 3,2023-08-26 11:30:00+02:00,2023-08-26 09:30:00,Qualifying,2023-08-26 15:00:00+02:00,2023-08-26 13:00:00,Race,2023-08-27 15:00:00+02:00,2023-08-27 13:00:00,True,2023
14,Italy,Monza,FORMULA 1 PIRELLI GRAN PREMIO D’ITALIA 2023 ,2023-09-03,Italian Grand Prix,conventional,Practice 1,2023-09-01 13:30:00+02:00,2023-09-01 11:30:00,Practice 2,2023-09-01 17:00:00+02:00,2023-09-01 15:00:00,Practice 3,2023-09-02 12:30:00+02:00,2023-09-02 10:30:00,Qualifying,2023-09-02 16:00:00+02:00,2023-09-02 14:00:00,Race,2023-09-03 15:00:00+02:00,2023-09-03 13:00:00,True,2023
15,Singapore,Marina Bay,FORMULA 1 SINGAPORE AIRLINES SINGAPORE GRAND PRIX 2023 ,2023-09-17,Singapore Grand Prix,conventional,Practice 1,2023-09-15 17:30:00+08:00,2023-09-15 09:30:00,Practice 2,2023-09-15 21:00:00+08:00,2023-09-15 13:00:00,Practice 3,2023-09-16 17:30:00+08:00,2023-09-16 09:30:00,Qualifying,2023-09-16 21:00:00+08:00,2023-09-16 13:00:00,Race,2023-09-17 20:00:00+08:00,2023-09-17 12:00:00,True,2023
16,Japan,Suzuka,FORMULA 1 LENOVO JAPANESE GRAND PRIX 2023 ,2023-09-24,Japanese Grand Prix,conventional,Practice 1,2023-09-22 11:30:00+09:00,2023-09-22 02:30:00,Practice 2,2023-09-22 15:00:00+09:00,2023-09-22 06:00:00,Practice 3,2023-09-23 11:30:00+09:00,2023-09-23 02:30:00,Qualifying,2023-09-23 15:00:00+09:00,2023-09-23 06:00:00,Race,2023-09-24 14:00:00+09:00,2023-09-24 05:00:00,True,2023
17,Qatar,Lusail,FORMULA 1 QATAR AIRWAYS QATAR GRAND PRIX 2023,2023-10-08,Qatar Grand Prix,sprint_shootout,Practice 1,2023-10-06 16:30:00+03:00,2023-10-06 13:30:00,Qualifying,2023-10-06 20:00:00+03:00,2023-10-06 17:00:00,Sprint Shootout,2023-10-07 16:20:00+03:00,2023-10-07 13:20:00,Sprint,2023-10-07 20:30:00+03:00,2023-10-07 17:30:00,Race,2023-10-08 20:00:00+03:00,2023-10-08 17:00:00,True,2023
18,United States,Austin,FORMULA 1 LENOVO UNITED STATES GRAND PRIX 2023,2023-10-22,United States Grand Prix,sprint_shootout,Practice 1,2023-10-20 12:30:00-05:00,2023-10-20 17:30:00,Qualifying,2023-10-20 16:00:00-05:00,2023-10-20 21:00:00,Sprint Shootout,2023-10-21 12:30:00-05:00,2023-10-21 17:30:00,Sprint,2023-10-21 17:00:00-05:00,2023-10-21 22:00:00,Race,2023-10-22 14:00:00-05:00,2023-10-22 19:00:00,True,2023
19,Mexico,Mexico City,FORMULA 1 GRAN PREMIO DE LA CIUDAD DE MÉXICO 2023,2023-10-29,Mexico City Grand Prix,conventional,Practice 1,2023-10-27 12:30:00-06:00,2023-10-27 18:30:00,Practice 2,2023-10-27 16:00:00-06:00,2023-10-27 22:00:00,Practice 3,2023-10-28 11:30:00-06:00,2023-10-28 17:30:00,Qualifying,2023-10-28 15:00:00-06:00,2023-10-28 21:00:00,Race,2023-10-29 14:00:00-06:00,2023-10-29 20:00:00,True,2023
20,Brazil,São Paulo,FORMULA 1 ROLEX GRANDE PRÊMIO DE SÃO PAULO 2023,2023-11-05,São Paulo Grand Prix,sprint_shootout,Practice 1,2023-11-03 11:30:00-03:00,2023-11-03 14:30:00,Qualifying,2023-11-03 15:00:00-03:00,2023-11-03 18:00:00,Sprint Shootout,2023-11-04 11:00:00-03:00,2023-11-04 14:00:00,Sprint,2023-11-04 15:30:00-03:00,2023-11-04 18:30:00,Race,2023-11-05 14:00:00-03:00,2023-11-05 17:00:00,True,2023
21,United States,Las Vegas,FORMULA 1 HEINEKEN SILVER LAS VEGAS GRAND PRIX 2023,2023-11-18,Las Vegas Grand Prix,conventional,Practice 1,2023-11-16 20:30:00-08:00,2023-11-17 04:30:00,Practice 2,2023-11-17 02:30:00-08:00,2023-11-17 10:30:00,Practice 3,2023-11-17 20:30:00-08:00,2023-11-18 04:30:00,Qualifying,2023-11-18 00:00:00-08:00,2023-11-18 08:00:00,Race,2023-11-18 22:00:00-08:00,2023-11-19 06:00:00,True,2023
22,Abu Dhabi,Yas Island,FORMULA 1 ETIHAD AIRWAYS ABU DHABI GRAND PRIX 2023 ,2023-11-26,Abu Dhabi Grand Prix,conventional,Practice 1,2023-11-24 13:30:00+04:00,2023-11-24 09:30:00,Practice 2,2023-11-24 17:00:00+04:00,2023-11-24 13:00:00,Practice 3,2023-11-25 14:30:00+04:00,2023-11-25 10:30:00,Qualifying,2023-11-25 18:00:00+04:00,2023-11-25 14:00:00,Race,2023-11-26 17:00:00+04:00,2023-11-26 13:00:00,True,2023
0,Bahrain,Sakhir,FORMULA 1 ARAMCO PRE-SEASON TESTING 2024,2024-02-23,Pre-Season Testing,testing,Practice 1,2024-02-21 10:00:00+03:00,2024-02-21 07:00:00,Practice 2,2024-02-22 10:00:00+03:00,2024-02-22 07:00:00,Practice 3,2024-02-23 10:00:00+03:00,2024-02-23 07:00:00,None,,,None,,,True,2024
1,Bahrain,Sakhir,FORMULA 1 GULF AIR BAHRAIN GRAND PRIX 2024,2024-03-02,Bahrain Grand Prix,conventional,Practice 1,2024-02-29 14:30:00+03:00,2024-02-29 11:30:00,Practice 2,2024-02-29 18:00:00+03:00,2024-02-29 15:00:00,Practice 3,2024-03-01 15:30:00+03:00,2024-03-01 12:30:00,Qualifying,2024-03-01 19:00:00+03:00,2024-03-01 16:00:00,Race,2024-03-02 18:00:00+03:00,2024-03-02 15:00:00,True,2024
2,Saudi Arabia,Jeddah,FORMULA 1 STC SAUDI ARABIAN GRAND PRIX 2024,2024-03-09,Saudi Arabian Grand Prix,conventional,Practice 1,2024-03-07 16:30:00+03:00,2024-03-07 13:30:00,Practice 2,2024-03-07 20:10:00+03:00,2024-03-07 17:10:00,Practice 3,2024-03-08 16:30:00+03:00,2024-03-08 13:30:00,Qualifying,2024-03-08 20:00:00+03:00,2024-03-08 17:00:00,Race,2024-03-09 20:00:00+03:00,2024-03-09 17:00:00,True,2024
3,Australia,Melbourne,FORMULA 1 ROLEX AUSTRALIAN GRAND PRIX 2024,2024-03-24,Australian Grand Prix,conventional,Practice 1,2024-03-22 12:30:00+11:00,2024-03-22 01:30:00,Practice 2,2024-03-22 16:00:00+11:00,2024-03-22 05:00:00,Practice 3,2024-03-23 12:30:00+11:00,2024-03-23 01:30:00,Qualifying,2024-03-23 16:00:00+11:00,2024-03-23 05:00:00,Race,2024-03-24 15:00:00+11:00,2024-03-24 04:00:00,True,2024
4,Japan,Suzuka,FORMULA 1 MSC CRUISES JAPANESE GRAND PRIX 2024,2024-04-07,Japanese Grand Prix,conventional,Practice 1,2024-04-05 11:30:00+09:00,2024-04-05 02:30:00,Practice 2,2024-04-05 15:00:00+09:00,2024-04-05 06:00:00,Practice 3,2024-04-06 11:30:00+09:00,2024-04-06 02:30:00,Qualifying,2024-04-06 15:00:00+09:00,2024-04-06 06:00:00,Race,2024-04-07 14:00:00+09:00,2024-04-07 05:00:00,True,2024
5,China,Shanghai,FORMULA 1 LENOVO CHINESE GRAND PRIX 2024,2024-04-21,Chinese Grand Prix,sprint_qualifying,Practice 1,2024-04-19 11:30:00+08:00,2024-04-19 03:30:00,Sprint Qualifying,2024-04-19 15:30:00+08:00,2024-04-19 07:30:00,Sprint,2024-04-20 11:00:00+08:00,2024-04-20 03:00:00,Qualifying,2024-04-20 15:00:00+08:00,2024-04-20 07:00:00,Race,2024-04-21 15:00:00+08:00,2024-04-21 07:00:00,True,2024
6,United States,Miami,FORMULA 1 CRYPTO.COM MIAMI GRAND PRIX 2024,2024-05-05,Miami Grand Prix,sprint_qualifying,Practice 1,2024-05-03 12:30:00-04:00,2024-05-03 16:30:00,Sprint Qualifying,2024-05-03 16:30:00-04:00,2024-05-03 20:30:00,Sprint,2024-05-04 12:00:00-04:00,2024-05-04 16:00:00,Qualifying,2024-05-04 16:00:00-04:00,2024-05-04 20:00:00,Race,2024-05-05 16:00:00-04:00,2024-05-05 20:00:00,True,2024
7,Italy,Imola,FORMULA 1 MSC CRUISES GRAN PREMIO DEL MADE IN ITALY E DELL'EMILIA-ROMAGNA 2024,2024-05-19,Emilia Romagna Grand Prix,conventional,Practice 1,2024-05-17 13:30:00+02:00,2024-05-17 11:30:00,Practice 2,2024-05-17 17:00:00+02:00,2024-05-17 15:00:00,Practice 3,2024-05-18 12:30:00+02:00,2024-05-18 10:30:00,Qualifying,2024-05-18 16:00:00+02:00,2024-05-18 14:00:00,Race,2024-05-19 15:00:00+02:00,2024-05-19 13:00:00,True,2024
8,Monaco,Monaco,FORMULA 1 GRAND PRIX DE MONACO 2024,2024-05-26,Monaco Grand Prix,conventional,Practice 1,2024-05-24 13:30:00+02:00,2024-05-24 11:30:00,Practice 2,2024-05-24 17:00:00+02:00,2024-05-24 15:00:00,Practice 3,2024-05-25 12:30:00+02:00,2024-05-25 10:30:00,Qualifying,2024-05-25 16:00:00+02:00,2024-05-25 14:00:00,Race,2024-05-26 15:00:00+02:00,2024-05-26 13:00:00,True,2024
9,Canada,Montréal,FORMULA 1 AWS GRAND PRIX DU CANADA 2024,2024-06-09,Canadian Grand Prix,conventional,Practice 1,2024-06-07 13:30:00-04:00,2024-06-07 17:30:00,Practice 2,2024-06-07 17:00:00-04:00,2024-06-07 21:00:00,Practice 3,2024-06-08 12:30:00-04:00,2024-06-08 16:30:00,Qualifying,2024-06-08 16:00:00-04:00,2024-06-08 20:00:00,Race,2024-06-09 14:00:00-04:00,2024-06-09 18:00:00,True,2024
10,Spain,Barcelona,FORMULA 1 ARAMCO GRAN PREMIO DE ESPAÑA 2024,2024-06-23,Spanish Grand Prix,conventional,Practice 1,2024-06-21 13:30:00+02:00,2024-06-21 11:30:00,Practice 2,2024-06-21 17:00:00+02:00,2024-06-21 15:00:00,Practice 3,2024-06-22 12:30:00+02:00,2024-06-22 10:30:00,Qualifying,2024-06-22 16:00:00+02:00,2024-06-22 14:00:00,Race,2024-06-23 15:00:00+02:00,2024-06-23 13:00:00,True,2024
11,Austria,Spielberg,FORMULA 1 QATAR AIRWAYS AUSTRIAN GRAND PRIX 2024,2024-06-30,Austrian Grand Prix,sprint_qualifying,Practice 1,2024-06-28 12:30:00+02:00,2024-06-28 10:30:00,Sprint Qualifying,2024-06-28 16:30:00+02:00,2024-06-28 14:30:00,Sprint,2024-06-29 12:00:00+02:00,2024-06-29 10:00:00,Qualifying,2024-06-29 16:00:00+02:00,2024-06-29 14:00:00,Race,2024-06-30 15:00:00+02:00,2024-06-30 13:00:00,True,2024
12,United Kingdom,Silverstone,FORMULA 1 QATAR AIRWAYS BRITISH GRAND PRIX 2024,2024-07-07,British Grand Prix,conventional,Practice 1,2024-07-05 12:30:00+01:00,2024-07-05 11:30:00,Practice 2,2024-07-05 16:00:00+01:00,2024-07-05 15:00:00,Practice 3,2024-07-06 11:30:00+01:00,2024-07-06 10:30:00,Qualifying,2024-07-06 15:00:00+01:00,2024-07-06 14:00:00,Race,2024-07-07 15:00:00+01:00,2024-07-07 14:00:00,True,2024
13,Hungary,Budapest,FORMULA 1 HUNGARIAN GRAND PRIX 2024,2024-07-21,Hungarian Grand Prix,conventional,Practice 1,2024-07-19 13:30:00+02:00,2024-07-19 11:30:00,Practice 2,2024-07-19 17:00:00+02:00,2024-07-19 15:00:00,Practice 3,2024-07-20 12:30:00+02:00,2024-07-20 10:30:00,Qualifying,2024-07-20 16:00:00+02:00,2024-07-20 14:00:00,Race,2024-07-21 15:00:00+02:00,2024-07-21 13:00:00,True,2024
14,Belgium,Spa-Francorchamps,FORMULA 1 ROLEX BELGIAN GRAND PRIX 2024,2024-07-28,Belgian Grand Prix,conventional,Practice 1,2024-07-26 13:30:00+02:00,2024-07-26 11:30:00,Practice 2,2024-07-26 17:00:00+02:00,2024-07-26 15:00:00,Practice 3,2024-07-27 12:30:00+02:00,2024-07-27 10:30:00,Qualifying,2024-07-27 16:00:00+02:00,2024-07-27 14:00:00,Race,2024-07-28 15:00:00+02:00,2024-07-28 13:00:00,True,2024
15,Netherlands,Zandvoort,FORMULA 1 HEINEKEN DUTCH GRAND PRIX 2024,2024-08-25,Dutch Grand Prix,conventional,Practice 1,2024-08-23 12:30:00+02:00,2024-08-23 10:30:00,Practice 2,2024-08-23 16:00:00+02:00,2024-08-23 14:00:00,Practice 3,2024-08-24 11:30:00+02:00,2024-08-24 09:30:00,Qualifying,2024-08-24 15:00:00+02:00,2024-08-24 13:00:00,Race,2024-08-25 15:00:00+02:00,2024-08-25 13:00:00,True,2024
16,Italy,Monza,FORMULA 1 PIRELLI GRAN PREMIO D’ITALIA 2024,2024-09-01,Italian Grand Prix,conventional,Practice 1,2024-08-30 13:30:00+02:00,2024-08-30 11:30:00,Practice 2,2024-08-30 17:00:00+02:00,2024-08-30 15:00:00,Practice 3,2024-08-31 12:30:00+02:00,2024-08-31 10:30:00,Qualifying,2024-08-31 16:00:00+02:00,2024-08-31 14:00:00,Race,2024-09-01 15:00:00+02:00,2024-09-01 13:00:00,True,2024
17,Azerbaijan,Baku,FORMULA 1 QATAR AIRWAYS AZERBAIJAN GRAND PRIX 2024,2024-09-15,Azerbaijan Grand Prix,conventional,Practice 1,2024-09-13 13:30:00+04:00,2024-09-13 09:30:00,Practice 2,2024-09-13 17:00:00+04:00,2024-09-13 13:00:00,Practice 3,2024-09-14 12:30:00+04:00,2024-09-14 08:30:00,Qualifying,2024-09-14 16:00:00+04:00,2024-09-14 12:00:00,Race,2024-09-15 15:00:00+04:00,2024-09-15 11:00:00,True,2024
18,Singapore,Marina Bay,FORMULA 1 SINGAPORE AIRLINES SINGAPORE GRAND PRIX 2024,2024-09-22,Singapore Grand Prix,conventional,Practice 1,2024-09-20 17:30:00+08:00,2024-09-20 09:30:00,Practice 2,2024-09-20 21:00:00+08:00,2024-09-20 13:00:00,Practice 3,2024-09-21 17:30:00+08:00,2024-09-21 09:30:00,Qualifying,2024-09-21 21:00:00+08:00,2024-09-21 13:00:00,Race,2024-09-22 20:00:00+08:00,2024-09-22 12:00:00,True,2024
19,United States,Austin,FORMULA 1 PIRELLI UNITED STATES GRAND PRIX 2024,2024-10-20,United States Grand Prix,sprint_qualifying,Practice 1,2024-10-18 12:30:00-05:00,2024-10-18 17:30:00,Sprint Qualifying,2024-10-18 16:30:00-05:00,2024-10-18 21:30:00,Sprint,2024-10-19 13:00:00-05:00,2024-10-19 18:00:00,Qualifying,2024-10-19 17:00:00-05:00,2024-10-19 22:00:00,Race,2024-10-20 14:00:00-05:00,2024-10-20 19:00:00,True,2024
20,Mexico,Mexico City,FORMULA 1 GRAN PREMIO DE LA CIUDAD DE MÉXICO 2024,2024-10-27,Mexico City Grand Prix,conventional,Practice 1,2024-10-25 12:30:00-06:00,2024-10-25 18:30:00,Practice 2,2024-10-25 16:00:00-06:00,2024-10-25 22:00:00,Practice 3,2024-10-26 11:30:00-06:00,2024-10-26 17:30:00,Qualifying,2024-10-26 15:00:00-06:00,2024-10-26 21:00:00,Race,2024-10-27 14:00:00-06:00,2024-10-27 20:00:00,True,2024
21,Brazil,São Paulo,FORMULA 1 LENOVO GRANDE PRÊMIO DE SÃO PAULO 2024,2024-11-03,São Paulo Grand Prix,sprint_qualifying,Practice 1,2024-11-01 11:30:00-03:00,2024-11-01 14:30:00,Sprint Qualifying,2024-11-01 15:30:00-03:00,2024-11-01 18:30:00,Sprint,2024-11-02 11:00:00-03:00,2024-11-02 14:00:00,Qualifying,2024-11-03 07:30:00-03:00,2024-11-03 10:30:00,Race,2024-11-03 12:30:00-03:00,2024-11-03 15:30:00,True,2024
22,United States,Las Vegas,FORMULA 1 HEINEKEN SILVER LAS VEGAS GRAND PRIX 2024,2024-11-23,Las Vegas Grand Prix,conventional,Practice 1,2024-11-21 18:30:00-08:00,2024-11-22 02:30:00,Practice 2,2024-11-21 22:00:00-08:00,2024-11-22 06:00:00,Practice 3,2024-11-22 18:30:00-08:00,2024-11-23 02:30:00,Qualifying,2024-11-22 22:00:00-08:00,2024-11-23 06:00:00,Race,2024-11-23 22:00:00-08:00,2024-11-24 06:00:00,True,2024
23,Qatar,Lusail,FORMULA 1 QATAR AIRWAYS QATAR GRAND PRIX 2024,2024-12-01,Qatar Grand Prix,sprint_qualifying,Practice 1,2024-11-29 16:30:00+03:00,2024-11-29 13:30:00,Sprint Qualifying,2024-11-29 20:30:00+03:00,2024-11-29 17:30:00,Sprint,2024-11-30 17:00:00+03:00,2024-11-30 14:00:00,Qualifying,2024-11-30 21:00:00+03:00,2024-11-30 18:00:00,Race,2024-12-01 19:00:00+03:00,2024-12-01 16:00:00,True,2024
24,United Arab Emirates,Yas Island,FORMULA 1 ETIHAD AIRWAYS ABU DHABI GRAND PRIX 2024,2024-12-08,Abu Dhabi Grand Prix,conventional,Practice 1,2024-12-06 13:30:00+04:00,2024-12-06 09:30:00,Practice 2,2024-12-06 17:00:00+04:00,2024-12-06 13:00:00,Practice 3,2024-12-07 14:30:00+04:00,2024-12-07 10:30:00,Qualifying,2024-12-07 18:00:00+04:00,2024-12-07 14:00:00,Race,2024-12-08 17:00:00+04:00,2024-12-08 13:00:00,True,2024
0,Bahrain,Sakhir,FORMULA 1 ARAMCO PRE-SEASON TESTING 2025,2025-02-28,Pre-Season Testing,testing,Practice 1,2025-02-26 10:00:00+03:00,2025-02-26 07:00:00,Practice 2,2025-02-27 10:00:00+03:00,2025-02-27 07:00:00,Practice 3,2025-02-28 10:00:00+03:00,2025-02-28 07:00:00,None,,,None,,,True,2025
1,Australia,Melbourne,FORMULA 1 LOUIS VUITTON AUSTRALIAN GRAND PRIX 2025,2025-03-16,Australian Grand Prix,conventional,Practice 1,2025-03-14 12:30:00+11:00,2025-03-14 01:30:00,Practice 2,2025-03-14 16:00:00+11:00,2025-03-14 05:00:00,Practice 3,2025-03-15 12:30:00+11:00,2025-03-15 01:30:00,Qualifying,2025-03-15 16:00:00+11:00,2025-03-15 05:00:00,Race,2025-03-16 15:00:00+11:00,2025-03-16 04:00:00,True,2025
2,China,Shanghai,FORMULA 1 HEINEKEN CHINESE GRAND PRIX 2025,2025-03-23,Chinese Grand Prix,sprint_qualifying,Practice 1,2025-03-21 11:30:00+08:00,2025-03-21 03:30:00,Sprint Qualifying,2025-03-21 15:30:00+08:00,2025-03-21 07:30:00,Sprint,2025-03-22 11:00:00+08:00,2025-03-22 03:00:00,Qualifying,2025-03-22 15:00:00+08:00,2025-03-22 07:00:00,Race,2025-03-23 15:00:00+08:00,2025-03-23 07:00:00,True,2025
3,Japan,Suzuka,FORMULA 1 LENOVO JAPANESE GRAND PRIX 2025 ,2025-04-06,Japanese Grand Prix,conventional,Practice 1,2025-04-04 11:30:00+09:00,2025-04-04 02:30:00,Practice 2,2025-04-04 15:00:00+09:00,2025-04-04 06:00:00,Practice 3,2025-04-05 11:30:00+09:00,2025-04-05 02:30:00,Qualifying,2025-04-05 15:00:00+09:00,2025-04-05 06:00:00,Race,2025-04-06 14:00:00+09:00,2025-04-06 05:00:00,True,2025
4,Bahrain,Sakhir,FORMULA 1 GULF AIR BAHRAIN GRAND PRIX 2025,2025-04-13,Bahrain Grand Prix,conventional,Practice 1,2025-04-11 14:30:00+03:00,2025-04-11 11:30:00,Practice 2,2025-04-11 18:00:00+03:00,2025-04-11 15:00:00,Practice 3,2025-04-12 15:30:00+03:00,2025-04-12 12:30:00,Qualifying,2025-04-12 19:00:00+03:00,2025-04-12 16:00:00,Race,2025-04-13 18:00:00+03:00,2025-04-13 15:00:00,True,2025
5,Saudi Arabia,Jeddah,FORMULA 1 STC SAUDI ARABIAN GRAND PRIX 2025,2025-04-20,Saudi Arabian Grand Prix,conventional,Practice 1,2025-04-18 16:30:00+03:00,2025-04-18 13:30:00,Practice 2,2025-04-18 20:00:00+03:00,2025-04-18 17:00:00,Practice 3,2025-04-19 16:30:00+03:00,2025-04-19 13:30:00,Qualifying,2025-04-19 20:00:00+03:00,2025-04-19 17:00:00,Race,2025-04-20 20:00:00+03:00,2025-04-20 17:00:00,True,2025
6,United States,Miami Gardens,FORMULA 1 CRYPTO.COM MIAMI GRAND PRIX 2025,2025-05-04,Miami Grand Prix,sprint_qualifying,Practice 1,2025-05-02 12:30:00-04:00,2025-05-02 16:30:00,Sprint Qualifying,2025-05-02 16:30:00-04:00,2025-05-02 20:30:00,Sprint,2025-05-03 12:00:00-04:00,2025-05-03 16:00:00,Qualifying,2025-05-03 16:00:00-04:00,2025-05-03 20:00:00,Race,2025-05-04 16:00:00-04:00,2025-05-04 20:00:00,True,2025
7,Italy,Imola,FORMULA 1 AWS GRAN PREMIO DEL MADE IN ITALY E DELL'EMILIA-ROMAGNA 2025,2025-05-18,Emilia Romagna Grand Prix,conventional,Practice 1,2025-05-16 13:30:00+02:00,2025-05-16 11:30:00,Practice 2,2025-05-16 17:00:00+02:00,2025-05-16 15:00:00,Practice 3,2025-05-17 12:30:00+02:00,2025-05-17 10:30:00,Qualifying,2025-05-17 16:00:00+02:00,2025-05-17 14:00:00,Race,2025-05-18 15:00:00+02:00,2025-05-18 13:00:00,True,2025
8,Monaco,Monaco,FORMULA 1 TAG HEUER GRAND PRIX DE MONACO 2025,2025-05-25,Monaco Grand Prix,conventional,Practice 1,2025-05-23 13:30:00+02:00,2025-05-23 11:30:00,Practice 2,2025-05-23 17:00:00+02:00,2025-05-23 15:00:00,Practice 3,2025-05-24 12:30:00+02:00,2025-05-24 10:30:00,Qualifying,2025-05-24 16:00:00+02:00,2025-05-24 14:00:00,Race,2025-05-25 15:00:00+02:00,2025-05-25 13:00:00,True,2025
9,Spain,Barcelona,FORMULA 1 ARAMCO GRAN PREMIO DE ESPAÑA 2025,2025-06-01,Spanish Grand Prix,conventional,Practice 1,2025-05-30 13:30:00+02:00,2025-05-30 11:30:00,Practice 2,2025-05-30 17:00:00+02:00,2025-05-30 15:00:00,Practice 3,2025-05-31 12:30:00+02:00,2025-05-31 10:30:00,Qualifying,2025-05-31 16:00:00+02:00,2025-05-31 14:00:00,Race,2025-06-01 15:00:00+02:00,2025-06-01 13:00:00,True,2025
10,Canada,Montréal,FORMULA 1 PIRELLI GRAND PRIX DU CANADA 2025,2025-06-15,Canadian Grand Prix,conventional,Practice 1,2025-06-13 13:30:00-04:00,2025-06-13 17:30:00,Practice 2,2025-06-13 17:00:00-04:00,2025-06-13 21:00:00,Practice 3,2025-06-14 12:30:00-04:00,2025-06-14 16:30:00,Qualifying,2025-06-14 16:00:00-04:00,2025-06-14 20:00:00,Race,2025-06-15 14:00:00-04:00,2025-06-15 18:00:00,True,2025
11,Austria,Spielberg,FORMULA 1 MSC CRUISES AUSTRIAN GRAND PRIX 2025,2025-06-29,Austrian Grand Prix,conventional,Practice 1,2025-06-27 13:30:00+02:00,2025-06-27 11:30:00,Practice 2,2025-06-27 17:00:00+02:00,2025-06-27 15:00:00,Practice 3,2025-06-28 12:30:00+02:00,2025-06-28 10:30:00,Qualifying,2025-06-28 16:00:00+02:00,2025-06-28 14:00:00,Race,2025-06-29 15:00:00+02:00,2025-06-29 13:00:00,True,2025
12,United Kingdom,Silverstone,FORMULA 1 QATAR AIRWAYS BRITISH GRAND PRIX 2025,2025-07-06,British Grand Prix,conventional,Practice 1,2025-07-04 12:30:00+01:00,2025-07-04 11:30:00,Practice 2,2025-07-04 16:00:00+01:00,2025-07-04 15:00:00,Practice 3,2025-07-05 11:30:00+01:00,2025-07-05 10:30:00,Qualifying,2025-07-05 15:00:00+01:00,2025-07-05 14:00:00,Race,2025-07-06 15:00:00+01:00,2025-07-06 14:00:00,True,2025
13,Belgium,Spa-Francorchamps,FORMULA 1 MOËT & CHANDON BELGIAN GRAND PRIX 2025,2025-07-27,Belgian Grand Prix,sprint_qualifying,Practice 1,2025-07-25 12:30:00+02:00,2025-07-25 10:30:00,Sprint Qualifying,2025-07-25 16:30:00+02:00,2025-07-25 14:30:00,Sprint,2025-07-26 12:00:00+02:00,2025-07-26 10:00:00,Qualifying,2025-07-26 16:00:00+02:00,2025-07-26 14:00:00,Race,2025-07-27 15:00:00+02:00,2025-07-27 13:00:00,True,2025
14,Hungary,Budapest,FORMULA 1 LENOVO HUNGARIAN GRAND PRIX 2025,2025-08-03,Hungarian Grand Prix,conventional,Practice 1,2025-08-01 13:30:00+02:00,2025-08-01 11:30:00,Practice 2,2025-08-01 17:00:00+02:00,2025-08-01 15:00:00,Practice 3,2025-08-02 12:30:00+02:00,2025-08-02 10:30:00,Qualifying,2025-08-02 16:00:00+02:00,2025-08-02 14:00:00,Race,2025-08-03 15:00:00+02:00,2025-08-03 13:00:00,True,2025
15,Netherlands,Zandvoort,FORMULA 1 HEINEKEN DUTCH GRAND PRIX 2025,2025-08-31,Dutch Grand Prix,conventional,Practice 1,2025-08-29 12:30:00+02:00,2025-08-29 10:30:00,Practice 2,2025-08-29 16:00:00+02:00,2025-08-29 14:00:00,Practice 3,2025-08-30 11:30:00+02:00,2025-08-30 09:30:00,Qualifying,2025-08-30 15:00:00+02:00,2025-08-30 13:00:00,Race,2025-08-31 15:00:00+02:00,2025-08-31 13:00:00,True,2025
16,Italy,Monza,FORMULA 1 PIRELLI GRAN PREMIO D’ITALIA 2025,2025-09-07,Italian Grand Prix,conventional,Practice 1,2025-09-05 13:30:00+02:00,2025-09-05 11:30:00,Practice 2,2025-09-05 17:00:00+02:00,2025-09-05 15:00:00,Practice 3,2025-09-06 12:30:00+02:00,2025-09-06 10:30:00,Qualifying,2025-09-06 16:00:00+02:00,2025-09-06 14:00:00,Race,2025-09-07 15:00:00+02:00,2025-09-07 13:00:00,True,2025
17,Azerbaijan,Baku,FORMULA 1 QATAR AIRWAYS AZERBAIJAN GRAND PRIX 2025,2025-09-21,Azerbaijan Grand Prix,conventional,Practice 1,2025-09-19 12:30:00+04:00,2025-09-19 08:30:00,Practice 2,2025-09-19 16:00:00+04:00,2025-09-19 12:00:00,Practice 3,2025-09-20 12:30:00+04:00,2025-09-20 08:30:00,Qualifying,2025-09-20 16:00:00+04:00,2025-09-20 12:00:00,Race,2025-09-21 15:00:00+04:00,2025-09-21 11:00:00,True,2025
18,Singapore,Marina Bay,FORMULA 1 SINGAPORE AIRLINES SINGAPORE GRAND PRIX 2025,2025-10-05,Singapore Grand Prix,conventional,Practice 1,2025-10-03 17:30:00+08:00,2025-10-03 09:30:00,Practice 2,2025-10-03 21:00:00+08:00,2025-10-03 13:00:00,Practice 3,2025-10-04 17:30:00+08:00,2025-10-04 09:30:00,Qualifying,2025-10-04 21:00:00+08:00,2025-10-04 13:00:00,Race,2025-10-05 20:00:00+08:00,2025-10-05 12:00:00,True,2025
19,United States,Austin,FORMULA 1 MSC CRUISES UNITED STATES GRAND PRIX 2025,2025-10-19,United States Grand Prix,sprint_qualifying,Practice 1,2025-10-17 12:30:00-05:00,2025-10-17 17:30:00,Sprint Qualifying,2025-10-17 16:30:00-05:00,2025-10-17 21:30:00,Sprint,2025-10-18 12:00:00-05:00,2025-10-18 17:00:00,Qualifying,2025-10-18 16:00:00-05:00,2025-10-18 21:00:00,Race,2025-10-19 14:00:00-05:00,2025-10-19 19:00:00,True,2025
20,Mexico,Mexico City,FORMULA 1 GRAN PREMIO DE LA CIUDAD DE MÉXICO 2025,2025-10-26,Mexico City Grand Prix,conventional,Practice 1,2025-10-24 12:30:00-06:00,2025-10-24 18:30:00,Practice 2,2025-10-24 16:00:00-06:00,2025-10-24 22:00:00,Practice 3,2025-10-25 11:30:00-06:00,2025-10-25 17:30:00,Qualifying,2025-10-25 15:00:00-06:00,2025-10-25 21:00:00,Race,2025-10-26 14:00:00-06:00,2025-10-26 20:00:00,True,2025
21,Brazil,São Paulo,FORMULA 1 MSC CRUISES GRANDE PRÊMIO DE SÃO PAULO 2025,2025-11-09,São Paulo Grand Prix,sprint_qualifying,Practice 1,2025-11-07 11:30:00-03:00,2025-11-07 14:30:00,Sprint Qualifying,2025-11-07 15:30:00-03:00,2025-11-07 18:30:00,Sprint,2025-11-08 11:00:00-03:00,2025-11-08 14:00:00,Qualifying,2025-11-08 15:00:00-03:00,2025-11-08 18:00:00,Race,2025-11-09 14:00:00-03:00,2025-11-09 17:00:00,True,2025
22,United States,Las Vegas,FORMULA 1 HEINEKEN LAS VEGAS GRAND PRIX 2025,2025-11-22,Las Vegas Grand Prix,conventional,Practice 1,2025-11-20 16:30:00-08:00,2025-11-21 00:30:00,Practice 2,2025-11-20 20:00:00-08:00,2025-11-21 04:00:00,Practice 3,2025-11-21 16:30:00-08:00,2025-11-22 00:30:00,Qualifying,2025-11-21 20:00:00-08:00,2025-11-22 04:00:00,Race,2025-11-22 20:00:00-08:00,2025-11-23 04:00:00,True,2025
23,Qatar,Lusail,FORMULA 1 QATAR AIRWAYS QATAR GRAND PRIX 2025,2025-11-30,Qatar Grand Prix,sprint_qualifying,Practice 1,2025-11-28 16:30:00+03:00,2025-11-28 13:30:00,Sprint Qualifying,2025-11-28 20:30:00+03:00,2025-11-28 17:30:00,Sprint,2025-11-29 17:00:00+03:00,2025-11-29 14:00:00,Qualifying,2025-11-29 21:00:00+03:00,2025-11-29 18:00:00,Race,2025-11-30 19:00:00+03:00,2025-11-30 16:00:00,True,2025
24,United Arab Emirates,Yas Island,FORMULA 1 ETIHAD AIRWAYS ABU DHABI GRAND PRIX 2025,2025-12-07,Abu Dhabi Grand Prix,conventional,Practice 1,2025-12-05 13:30:00+04:00,2025-12-05 09:30:00,Practice 2,2025-12-05 17:00:00+04:00,2025-12-05 13:00:00,Practice 3,2025-12-06 14:30:00+04:00,2025-12-06 10:30:00,Qualifying,2025-12-06 18:00:00+04:00,2025-12-06 14:00:00,Race,2025-12-07 17:00:00+04:00,2025-12-07 13:00:00,True,2025
0,Bahrain,Bahrain,FORMULA 1 ARAMCO PRE-SEASON TESTING 1 2026,2026-02-13,Pre-Season Testing,testing,Practice 1,2026-02-11 10:00:00+03:00,2026-02-11 07:00:00,Practice 2,2026-02-12 10:00:00+03:00,2026-02-12 07:00:00,Practice 3,2026-02-13 10:00:00+03:00,2026-02-13 07:00:00,None,,,None,,,True,2026
0,Bahrain,Bahrain,FORMULA 1 ARAMCO PRE-SEASON TESTING 2 2026,2026-02-20,Pre-Season Testing,testing,Practice 1,2026-02-18 10:00:00+03:00,2026-02-18 07:00:00,Practice 2,2026-02-19 10:00:00+03:00,2026-02-19 07:00:00,Practice 3,2026-02-20 10:00:00+03:00,2026-02-20 07:00:00,None,,,None,,,True,2026
1,Australia,Melbourne,FORMULA 1 QATAR AIRWAYS AUSTRALIAN GRAND PRIX 2026,2026-03-08,Australian Grand Prix,conventional,Practice 1,2026-03-06 12:30:00+11:00,2026-03-06 01:30:00,Practice 2,2026-03-06 16:00:00+11:00,2026-03-06 05:00:00,Practice 3,2026-03-07 12:30:00+11:00,2026-03-07 01:30:00,Qualifying,2026-03-07 16:00:00+11:00,2026-03-07 05:00:00,Race,2026-03-08 15:00:00+11:00,2026-03-08 04:00:00,True,2026
2,China,Shanghai,FORMULA 1 HEINEKEN CHINESE GRAND PRIX 2026,2026-03-15,Chinese Grand Prix,sprint_qualifying,Practice 1,2026-03-13 11:30:00+08:00,2026-03-13 03:30:00,Sprint Qualifying,2026-03-13 15:30:00+08:00,2026-03-13 07:30:00,Sprint,2026-03-14 11:00:00+08:00,2026-03-14 03:00:00,Qualifying,2026-03-14 15:00:00+08:00,2026-03-14 07:00:00,Race,2026-03-15 15:00:00+08:00,2026-03-15 07:00:00,True,2026
3,Japan,Suzuka,FORMULA 1 ARAMCO JAPANESE GRAND PRIX 2026,2026-03-29,Japanese Grand Prix,conventional,Practice 1,2026-03-27 11:30:00+09:00,2026-03-27 02:30:00,Practice 2,2026-03-27 15:00:00+09:00,2026-03-27 06:00:00,Practice 3,2026-03-28 11:30:00+09:00,2026-03-28 02:30:00,Qualifying,2026-03-28 15:00:00+09:00,2026-03-28 06:00:00,Race,2026-03-29 14:00:00+09:00,2026-03-29 05:00:00,True,2026
4,United States,Miami Gardens,FORMULA 1 CRYPTO.COM MIAMI GRAND PRIX 2026,2026-05-03,Miami Grand Prix,sprint_qualifying,Practice 1,2026-05-01 12:30:00-04:00,2026-05-01 16:30:00,Sprint Qualifying,2026-05-01 16:30:00-04:00,2026-05-01 20:30:00,Sprint,2026-05-02 12:00:00-04:00,2026-05-02 16:00:00,Qualifying,2026-05-02 16:00:00-04:00,2026-05-02 20:00:00,Race,2026-05-03 16:00:00-04:00,2026-05-03 20:00:00,True,2026
5,Canada,Montréal,FORMULA 1 LENOVO GRAND PRIX DU CANADA 2026,2026-05-24,Canadian Grand Prix,sprint_qualifying,Practice 1,2026-05-22 12:30:00-04:00,2026-05-22 16:30:00,Sprint Qualifying,2026-05-22 16:30:00-04:00,2026-05-22 20:30:00,Sprint,2026-05-23 12:00:00-04:00,2026-05-23 16:00:00,Qualifying,2026-05-23 16:00:00-04:00,2026-05-23 20:00:00,Race,2026-05-24 16:00:00-04:00,2026-05-24 20:00:00,True,2026
6,Monaco,Monte Carlo,FORMULA 1 LOUIS VUITTON GRAND PRIX DE MONACO 2026,2026-06-07,Monaco Grand Prix,conventional,Practice 1,2026-06-05 13:30:00+02:00,2026-06-05 11:30:00,Practice 2,2026-06-05 17:00:00+02:00,2026-06-05 15:00:00,Practice 3,2026-06-06 12:30:00+02:00,2026-06-06 10:30:00,Qualifying,2026-06-06 16:00:00+02:00,2026-06-06 14:00:00,Race,2026-06-07 15:00:00+02:00,2026-06-07 13:00:00,True,2026
7,Spain,Barcelona,FORMULA 1 MSC CRUISES GRAN PREMIO DE BARCELONA-CATALUNYA 2026,2026-06-14,Barcelona Grand Prix,conventional,Practice 1,2026-06-12 13:30:00+02:00,2026-06-12 11:30:00,Practice 2,2026-06-12 17:00:00+02:00,2026-06-12 15:00:00,Practice 3,2026-06-13 12:30:00+02:00,2026-06-13 10:30:00,Qualifying,2026-06-13 16:00:00+02:00,2026-06-13 14:00:00,Race,2026-06-14 15:00:00+02:00,2026-06-14 13:00:00,True,2026
8,Austria,Spielberg,FORMULA 1 LENOVO AUSTRIAN GRAND PRIX 2026,2026-06-28,Austrian Grand Prix,conventional,Practice 1,2026-06-26 13:30:00+02:00,2026-06-26 11:30:00,Practice 2,2026-06-26 17:00:00+02:00,2026-06-26 15:00:00,Practice 3,2026-06-27 12:30:00+02:00,2026-06-27 10:30:00,Qualifying,2026-06-27 16:00:00+02:00,2026-06-27 14:00:00,Race,2026-06-28 15:00:00+02:00,2026-06-28 13:00:00,True,2026
9,United Kingdom,Silverstone,FORMULA 1 PIRELLI BRITISH GRAND PRIX 2026,2026-07-05,British Grand Prix,sprint_qualifying,Practice 1,2026-07-03 12:30:00+01:00,2026-07-03 11:30:00,Sprint Qualifying,2026-07-03 16:30:00+01:00,2026-07-03 15:30:00,Sprint,2026-07-04 12:00:00+01:00,2026-07-04 11:00:00,Qualifying,2026-07-04 16:00:00+01:00,2026-07-04 15:00:00,Race,2026-07-05 15:00:00+01:00,2026-07-05 14:00:00,True,2026
10,Belgium,Spa-Francorchamps,FORMULA 1 MOËT & CHANDON BELGIAN GRAND PRIX 2026,2026-07-19,Belgian Grand Prix,conventional,Practice 1,2026-07-17 13:30:00+02:00,2026-07-17 11:30:00,Practice 2,2026-07-17 17:00:00+02:00,2026-07-17 15:00:00,Practice 3,2026-07-18 12:30:00+02:00,2026-07-18 10:30:00,Qualifying,2026-07-18 16:00:00+02:00,2026-07-18 14:00:00,Race,2026-07-19 15:00:00+02:00,2026-07-19 13:00:00,True,2026
11,Hungary,Budapest,FORMULA 1 AWS HUNGARIAN GRAND PRIX 2026,2026-07-26,Hungarian Grand Prix,conventional,Practice 1,2026-07-24 13:30:00+02:00,2026-07-24 11:30:00,Practice 2,2026-07-24 17:00:00+02:00,2026-07-24 15:00:00,Practice 3,2026-07-25 12:30:00+02:00,2026-07-25 10:30:00,Qualifying,2026-07-25 16:00:00+02:00,2026-07-25 14:00:00,Race,2026-07-26 15:00:00+02:00,2026-07-26 13:00:00,True,2026
12,Netherlands,Zandvoort,FORMULA 1 HEINEKEN DUTCH GRAND PRIX 2026,2026-08-23,Dutch Grand Prix,sprint_qualifying,Practice 1,2026-08-21 12:30:00+02:00,2026-08-21 10:30:00,Sprint Qualifying,2026-08-21 16:30:00+02:00,2026-08-21 14:30:00,Sprint,2026-08-22 12:00:00+02:00,2026-08-22 10:00:00,Qualifying,2026-08-22 16:00:00+02:00,2026-08-22 14:00:00,Race,2026-08-23 15:00:00+02:00,2026-08-23 13:00:00,True,2026
13,Italy,Monza,FORMULA 1 PIRELLI GRAN PREMIO D’ITALIA 2026,2026-09-06,Italian Grand Prix,conventional,Practice 1,2026-09-04 12:30:00+02:00,2026-09-04 10:30:00,Practice 2,2026-09-04 16:00:00+02:00,2026-09-04 14:00:00,Practice 3,2026-09-05 12:30:00+02:00,2026-09-05 10:30:00,Qualifying,2026-09-05 16:00:00+02:00,2026-09-05 14:00:00,Race,2026-09-06 15:00:00+02:00,2026-09-06 13:00:00,True,2026
14,Spain,Madrid,FORMULA 1 TAG HEUER GRAN PREMIO DE ESPAÑA 2026,2026-09-13,Spanish Grand Prix,conventional,Practice 1,2026-09-11 13:30:00+02:00,2026-09-11 11:30:00,Practice 2,2026-09-11 17:00:00+02:00,2026-09-11 15:00:00,Practice 3,2026-09-12 12:30:00+02:00,2026-09-12 10:30:00,Qualifying,2026-09-12 16:00:00+02:00,2026-09-12 14:00:00,Race,2026-09-13 15:00:00+02:00,2026-09-13 13:00:00,True,2026
15,Azerbaijan,Baku,FORMULA 1 QATAR AIRWAYS AZERBAIJAN GRAND PRIX 2026,2026-09-26,Azerbaijan Grand Prix,conventional,Practice 1,2026-09-24 12:30:00+04:00,2026-09-24 08:30:00,Practice 2,2026-09-24 16:00:00+04:00,2026-09-24 12:00:00,Practice 3,2026-09-25 12:30:00+04:00,2026-09-25 08:30:00,Qualifying,2026-09-25 16:00:00+04:00,2026-09-25 12:00:00,Race,2026-09-26 15:00:00+04:00,2026-09-26 11:00:00,True,2026
16,Singapore,Marina Bay,FORMULA 1 SINGAPORE AIRLINES SINGAPORE GRAND PRIX 2026,2026-10-11,Singapore Grand Prix,sprint_qualifying,Practice 1,2026-10-09 16:30:00+08:00,2026-10-09 08:30:00,Sprint Qualifying,2026-10-09 20:30:00+08:00,2026-10-09 12:30:00,Sprint,2026-10-10 17:00:00+08:00,2026-10-10 09:00:00,Qualifying,2026-10-10 21:00:00+08:00,2026-10-10 13:00:00,Race,2026-10-11 20:00:00+08:00,2026-10-11 12:00:00,True,2026
17,United States,Austin,FORMULA 1 MSC CRUISES UNITED STATES GRAND PRIX 2026,2026-10-25,United States Grand Prix,conventional,Practice 1,2026-10-23 12:30:00-05:00,2026-10-23 17:30:00,Practice 2,2026-10-23 16:00:00-05:00,2026-10-23 21:00:00,Practice 3,2026-10-24 12:30:00-05:00,2026-10-24 17:30:00,Qualifying,2026-10-24 16:00:00-05:00,2026-10-24 21:00:00,Race,2026-10-25 15:00:00-05:00,2026-10-25 20:00:00,True,2026
18,Mexico,Mexico City,FORMULA 1 GRAN PREMIO DE LA CIUDAD DE MÉXICO 2026,2026-11-01,Mexico City Grand Prix,conventional,Practice 1,2026-10-30 12:30:00-06:00,2026-10-30 18:30:00,Practice 2,2026-10-30 16:00:00-06:00,2026-10-30 22:00:00,Practice 3,2026-10-31 11:30:00-06:00,2026-10-31 17:30:00,Qualifying,2026-10-31 15:00:00-06:00,2026-10-31 21:00:00,Race,2026-11-01 14:00:00-06:00,2026-11-01 20:00:00,True,2026
19,Brazil,São Paulo,FORMULA 1 MSC CRUISES GRANDE PRÊMIO DE SÃO PAULO 2026,2026-11-08,São Paulo Grand Prix,conventional,Practice 1,2026-11-06 12:30:00-03:00,2026-11-06 15:30:00,Practice 2,2026-11-06 16:00:00-03:00,2026-11-06 19:00:00,Practice 3,2026-11-07 11:30:00-03:00,2026-11-07 14:30:00,Qualifying,2026-11-07 15:00:00-03:00,2026-11-07 18:00:00,Race,2026-11-08 14:00:00-03:00,2026-11-08 17:00:00,True,2026
20,United States,Las Vegas,FORMULA 1 HEINEKEN LAS VEGAS GRAND PRIX 2026,2026-11-21,Las Vegas Grand Prix,conventional,Practice 1,2026-11-19 16:30:00-08:00,2026-11-20 00:30:00,Practice 2,2026-11-19 20:00:00-08:00,2026-11-20 04:00:00,Practice 3,2026-11-20 16:30:00-08:00,2026-11-21 00:30:00,Qualifying,2026-11-20 20:00:00-08:00,2026-11-21 04:00:00,Race,2026-11-21 20:00:00-08:00,2026-11-22 04:00:00,True,2026
21,Qatar,Lusail,FORMULA 1 QATAR AIRWAYS QATAR GRAND PRIX 2026,2026-11-29,Qatar Grand Prix,conventional,Practice 1,2026-11-27 16:30:00+03:00,2026-11-27 13:30:00,Practice 2,2026-11-27 20:00:00+03:00,2026-11-27 17:00:00,Practice 3,2026-11-28 17:30:00+03:00,2026-11-28 14:30:00,Qualifying,2026-11-28 21:00:00+03:00,2026-11-28 18:00:00,Race,2026-11-29 19:00:00+03:00,2026-11-29 16:00:00,True,2026
22,United Arab Emirates,Yas Marina,FORMULA 1 ETIHAD AIRWAYS ABU DHABI GRAND PRIX 2026,2026-12-06,Abu Dhabi Grand Prix,conventional,Practice 1,2026-12-04 13:30:00+04:00,2026-12-04 09:30:00,Practice 2,2026-12-04 17:00:00+04:00,2026-12-04 13:00:00,Practice 3,2026-12-05 14:30:00+04:00,2026-12-05 10:30:00,Qualifying,2026-12-05 18:00:00+04:00,2026-12-05 14:00:00,Race,2026-12-06 17:00:00+04:00,2026-12-06 13:00:00,True,2026
